preprint_link	pmid_link	pmid
https://doi.org/10.1101/2020.05.01.20081026	https://pubmed.ncbi.nlm.nih.gov/32584972	32584972
https://doi.org/10.1101/2020.03.10.20033852	https://pubmed.ncbi.nlm.nih.gov/32637423	32637423
https://doi.org/10.1101/2020.03.04.20026005	https://pubmed.ncbi.nlm.nih.gov/32369217	32369217
https://doi.org/10.1101/2020.04.21.20074054	https://pubmed.ncbi.nlm.nih.gov/32582739	32582739
https://doi.org/10.1101/2020.03.18.20037101	https://pubmed.ncbi.nlm.nih.gov/32296837	32296837
https://doi.org/10.1101/2020.04.08.20058297	https://pubmed.ncbi.nlm.nih.gov/32428031	32428031
https://doi.org/10.1101/2020.03.25.20043745	https://pubmed.ncbi.nlm.nih.gov/32392262	32392262
https://doi.org/10.1101/2020.04.22.056747	https://pubmed.ncbi.nlm.nih.gov/32416600	32416600
https://doi.org/10.1101/2020.02.25.20027672	https://pubmed.ncbi.nlm.nih.gov/32426363	32426363
https://doi.org/10.1101/2020.05.02.20087221	https://pubmed.ncbi.nlm.nih.gov/32401343	32401343
https://doi.org/10.1101/2020.03.24.20042317	https://pubmed.ncbi.nlm.nih.gov/32444412	32444412
https://doi.org/10.1101/2020.04.13.20064360	https://pubmed.ncbi.nlm.nih.gov/32566558	32566558
https://doi.org/10.1101/2020.03.25.20043927	https://pubmed.ncbi.nlm.nih.gov/32320478	32320478
https://doi.org/10.1101/2020.03.13.20034496	https://pubmed.ncbi.nlm.nih.gov/32283450	32283450
https://doi.org/10.1101/2020.04.18.20071035	https://pubmed.ncbi.nlm.nih.gov/32367739	32367739
https://doi.org/10.1101/2020.01.26.920249	https://pubmed.ncbi.nlm.nih.gov/32004758	32004758
https://doi.org/10.1101/2020.03.22.20040915	https://pubmed.ncbi.nlm.nih.gov/32397286	32397286
https://doi.org/10.1101/2020.03.18.20038026	https://pubmed.ncbi.nlm.nih.gov/32314976	32314976
https://doi.org/10.1101/2020.04.01.20047076	https://pubmed.ncbi.nlm.nih.gov/32359424	32359424
https://doi.org/10.1101/2020.04.30.20085928	https://pubmed.ncbi.nlm.nih.gov/32460829	32460829
https://doi.org/10.1101/2020.05.04.20074609	https://pubmed.ncbi.nlm.nih.gov/32427279	32427279
https://doi.org/10.1101/2020.04.28.20082735	https://pubmed.ncbi.nlm.nih.gov/32444493	32444493
https://doi.org/10.1101/2020.06.26.20056507	https://pubmed.ncbi.nlm.nih.gov/32644224	32644224
https://doi.org/10.1101/2020.03.22.20040642	https://pubmed.ncbi.nlm.nih.gov/32512578	32512578
https://doi.org/10.1101/2020.04.29.20085563	https://pubmed.ncbi.nlm.nih.gov/32437434	32437434
https://doi.org/10.1101/2020.03.03.20030627	https://pubmed.ncbi.nlm.nih.gov/32546245	32546245
https://doi.org/10.1101/2020.03.28.20046151	https://pubmed.ncbi.nlm.nih.gov/32574328	32574328
https://doi.org/10.1101/2020.05.27.20114819	https://pubmed.ncbi.nlm.nih.gov/32623081	32623081
https://doi.org/10.1101/2020.03.30.20047688	https://pubmed.ncbi.nlm.nih.gov/32574335	32574335
https://doi.org/10.1101/2020.02.04.20020503	https://pubmed.ncbi.nlm.nih.gov/32093043	32093043
https://doi.org/10.1101/2020.05.07.20094557	https://pubmed.ncbi.nlm.nih.gov/32431288	32431288
https://doi.org/10.1101/2020.03.24.20042432	https://pubmed.ncbi.nlm.nih.gov/32327245	32327245
https://doi.org/10.1101/2020.04.09.20056374	https://pubmed.ncbi.nlm.nih.gov/32578943	32578943
https://doi.org/10.1101/2020.02.29.20029439	https://pubmed.ncbi.nlm.nih.gov/32438868	32438868
https://doi.org/10.1101/2020.04.27.20081356	https://pubmed.ncbi.nlm.nih.gov/32526759	32526759
https://doi.org/10.1101/2020.04.07.029017	https://pubmed.ncbi.nlm.nih.gov/32397847	32397847
https://doi.org/10.1101/2020.03.11.987958	https://pubmed.ncbi.nlm.nih.gov/32366817	32366817
https://doi.org/10.1101/2020.04.15.20066480	https://pubmed.ncbi.nlm.nih.gov/32360770	32360770
https://doi.org/10.1101/2020.07.05.20146878	https://pubmed.ncbi.nlm.nih.gov/32641296	32641296
https://doi.org/10.1101/2020.01.26.20018754	https://pubmed.ncbi.nlm.nih.gov/32079150	32079150
https://doi.org/10.1101/2020.04.19.20071712	https://pubmed.ncbi.nlm.nih.gov/32409519	32409519
https://doi.org/10.1101/2020.03.23.20041897	https://pubmed.ncbi.nlm.nih.gov/32587932	32587932
https://doi.org/10.1101/2020.03.29.20045039	https://pubmed.ncbi.nlm.nih.gov/32532983	32532983
https://doi.org/10.1101/2020.05.18.101493	https://pubmed.ncbi.nlm.nih.gov/32553059	32553059
https://doi.org/10.1101/2020.05.18.20106245	https://pubmed.ncbi.nlm.nih.gov/32579268	32579268
https://doi.org/10.1101/2020.02.10.942136	https://pubmed.ncbi.nlm.nih.gov/32218151	32218151
https://doi.org/10.1101/2020.05.07.082487	https://pubmed.ncbi.nlm.nih.gov/32522207	32522207
https://doi.org/10.1101/2020.02.24.20027649	https://pubmed.ncbi.nlm.nih.gov/32190785	32190785
https://doi.org/10.1101/2020.05.06.20093179	https://pubmed.ncbi.nlm.nih.gov/32541745	32541745
https://doi.org/10.1101/2020.06.04.20122507	https://pubmed.ncbi.nlm.nih.gov/32589756	32589756
https://doi.org/10.1101/2020.03.02.20030288	https://pubmed.ncbi.nlm.nih.gov/32343747	32343747
https://doi.org/10.1101/2020.06.03.20112540	https://pubmed.ncbi.nlm.nih.gov/32545925	32545925
https://doi.org/10.1101/2020.04.20.049924	https://pubmed.ncbi.nlm.nih.gov/32568027	32568027
https://doi.org/10.1101/2020.02.13.20022806	https://pubmed.ncbi.nlm.nih.gov/32176808	32176808
https://doi.org/10.1101/2020.05.02.20080390	https://pubmed.ncbi.nlm.nih.gov/32615934	32615934
https://doi.org/10.1101/2020.04.24.20073296	https://pubmed.ncbi.nlm.nih.gov/32368629	32368629
https://doi.org/10.1101/2020.04.10.20061176	https://pubmed.ncbi.nlm.nih.gov/32388468	32388468
https://doi.org/10.1101/2020.04.12.20062828	https://pubmed.ncbi.nlm.nih.gov/32416374	32416374
https://doi.org/10.1101/2020.02.14.20022897	https://pubmed.ncbi.nlm.nih.gov/32102279	32102279
https://doi.org/10.1101/2020.04.03.20051649	https://pubmed.ncbi.nlm.nih.gov/32473312	32473312
https://doi.org/10.1101/2020.04.25.20079517	https://pubmed.ncbi.nlm.nih.gov/32524946	32524946
https://doi.org/10.1101/2020.04.02.20051128	https://pubmed.ncbi.nlm.nih.gov/32325386	32325386
https://doi.org/10.1101/2020.03.22.20040832	https://pubmed.ncbi.nlm.nih.gov/32430428	32430428
https://doi.org/10.1101/2020.03.02.968388	https://pubmed.ncbi.nlm.nih.gov/32304108	32304108
https://doi.org/10.1101/2020.04.05.026187	https://pubmed.ncbi.nlm.nih.gov/32361028	32361028
https://doi.org/10.1101/2020.04.01.20049957	https://pubmed.ncbi.nlm.nih.gov/32609763	32609763
https://doi.org/10.1101/2020.03.30.20048264	https://pubmed.ncbi.nlm.nih.gov/32485871	32485871
https://doi.org/10.1101/2020.03.25.20043380	https://pubmed.ncbi.nlm.nih.gov/32589145	32589145
https://doi.org/10.1101/2020.04.15.20066811	https://pubmed.ncbi.nlm.nih.gov/32377030	32377030
https://doi.org/10.1101/2020.05.13.20100289	https://pubmed.ncbi.nlm.nih.gov/32576696	32576696
https://doi.org/10.1101/2020.04.13.20064402	https://pubmed.ncbi.nlm.nih.gov/32566556	32566556
https://doi.org/10.1101/2020.04.15.20066308	https://pubmed.ncbi.nlm.nih.gov/32536760	32536760
https://doi.org/10.1101/2020.05.03.20089649	https://pubmed.ncbi.nlm.nih.gov/32426062	32426062
https://doi.org/10.1101/2020.05.05.20091983	https://pubmed.ncbi.nlm.nih.gov/32422233	32422233
https://doi.org/10.1101/2020.03.31.20047621	https://pubmed.ncbi.nlm.nih.gov/32510598	32510598
https://doi.org/10.1101/2020.02.19.20025288	https://pubmed.ncbi.nlm.nih.gov/32229732	32229732
https://doi.org/10.1101/2020.04.10.20060558	https://pubmed.ncbi.nlm.nih.gov/32409561	32409561
https://doi.org/10.1101/2020.04.11.037382	https://pubmed.ncbi.nlm.nih.gov/32558639	32558639
https://doi.org/10.1101/2020.02.12.20022426	https://pubmed.ncbi.nlm.nih.gov/32384159	32384159
https://doi.org/10.1101/2020.06.05.20121566	https://pubmed.ncbi.nlm.nih.gov/32539253	32539253
https://doi.org/10.1101/2020.04.11.20062349	https://pubmed.ncbi.nlm.nih.gov/32591408	32591408
https://doi.org/10.1101/2020.02.26.20028308	https://pubmed.ncbi.nlm.nih.gov/32302370	32302370
https://doi.org/10.1101/2020.01.28.923011	https://pubmed.ncbi.nlm.nih.gov/32065055	32065055
https://doi.org/10.1101/2020.04.26.20080994	https://pubmed.ncbi.nlm.nih.gov/32482785	32482785
https://doi.org/10.1101/2020.04.07.029132	https://pubmed.ncbi.nlm.nih.gov/32378705	32378705
https://doi.org/10.1101/2020.05.27.120410	https://pubmed.ncbi.nlm.nih.gov/32599282	32599282
https://doi.org/10.1101/2020.05.15.098947	https://pubmed.ncbi.nlm.nih.gov/32645951	32645951
https://doi.org/10.1101/2020.03.16.993386	https://pubmed.ncbi.nlm.nih.gov/32277040	32277040
https://doi.org/10.1101/2020.04.09.20059196	https://pubmed.ncbi.nlm.nih.gov/32503874	32503874
https://doi.org/10.1101/2020.05.13.20101006	https://pubmed.ncbi.nlm.nih.gov/32562541	32562541
https://doi.org/10.1101/2020.04.23.20077644	https://pubmed.ncbi.nlm.nih.gov/32437017	32437017
https://doi.org/10.1101/2020.05.14.20102301	https://pubmed.ncbi.nlm.nih.gov/32591733	32591733
https://doi.org/10.1101/2020.04.09.034462	https://pubmed.ncbi.nlm.nih.gov/32509472	32509472
https://doi.org/10.1101/2020.03.14.20036202	https://pubmed.ncbi.nlm.nih.gov/32292868	32292868
https://doi.org/10.1101/2020.03.09.20032045	https://pubmed.ncbi.nlm.nih.gov/32453411	32453411
https://doi.org/10.1101/2020.03.13.20035428	https://pubmed.ncbi.nlm.nih.gov/32283141	32283141
https://doi.org/10.1101/2020.03.04.20031237	https://pubmed.ncbi.nlm.nih.gov/32430459	32430459
https://doi.org/10.1101/2020.05.12.20094508	https://pubmed.ncbi.nlm.nih.gov/32646885	32646885
https://doi.org/10.1101/2020.04.16.044503	https://pubmed.ncbi.nlm.nih.gov/32641684	32641684
https://doi.org/10.1101/2020.03.02.20030189	https://pubmed.ncbi.nlm.nih.gov/32221519	32221519
https://doi.org/10.1101/2020.04.17.20068916	https://pubmed.ncbi.nlm.nih.gov/32545441	32545441
https://doi.org/10.1101/2020.05.24.20110346	https://pubmed.ncbi.nlm.nih.gov/32634826	32634826
https://doi.org/10.1101/2020.04.16.20067231	https://pubmed.ncbi.nlm.nih.gov/32609640	32609640
https://doi.org/10.1101/2020.04.02.021725	https://pubmed.ncbi.nlm.nih.gov/32650788	32650788
https://doi.org/10.1101/2020.04.07.029934	https://pubmed.ncbi.nlm.nih.gov/32592724	32592724
https://doi.org/10.1101/2020.04.10.20061259	https://pubmed.ncbi.nlm.nih.gov/32568721	32568721
https://doi.org/10.1101/2020.02.15.950568	https://pubmed.ncbi.nlm.nih.gov/32431949	32431949
https://doi.org/10.1101/2020.05.03.074971	https://pubmed.ncbi.nlm.nih.gov/32470046	32470046
https://doi.org/10.1101/2020.03.19.20038182	https://pubmed.ncbi.nlm.nih.gov/32586336	32586336
https://doi.org/10.1101/2020.03.05.20031476	https://pubmed.ncbi.nlm.nih.gov/32566569	32566569
https://doi.org/10.1101/2020.05.12.091165	https://pubmed.ncbi.nlm.nih.gov/32545799	32545799
https://doi.org/10.1101/2020.02.16.20023671	https://pubmed.ncbi.nlm.nih.gov/32361250	32361250
https://doi.org/10.1101/2020.04.08.013516	https://pubmed.ncbi.nlm.nih.gov/32473352	32473352
https://doi.org/10.1101/2020.04.22.20074963	https://pubmed.ncbi.nlm.nih.gov/32582302	32582302
https://doi.org/10.1101/2020.05.05.20092635	https://pubmed.ncbi.nlm.nih.gov/32521776	32521776
https://doi.org/10.1101/2020.04.17.20069716	https://pubmed.ncbi.nlm.nih.gov/32466820	32466820
https://doi.org/10.1101/2020.05.12.20098699	https://pubmed.ncbi.nlm.nih.gov/32598450	32598450
https://doi.org/10.1101/2020.01.24.919183	https://pubmed.ncbi.nlm.nih.gov/32015508	32015508
https://doi.org/10.1101/2020.03.28.013672	https://pubmed.ncbi.nlm.nih.gov/32425701	32425701
https://doi.org/10.1101/2020.03.29.20043547	https://pubmed.ncbi.nlm.nih.gov/32302966	32302966
https://doi.org/10.1101/2020.04.28.20079947	https://pubmed.ncbi.nlm.nih.gov/32656101	32656101
https://doi.org/10.1101/2020.03.02.972935	https://pubmed.ncbi.nlm.nih.gov/32160149	32160149
https://doi.org/10.1101/2020.03.27.20044495	https://pubmed.ncbi.nlm.nih.gov/32290902	32290902
https://doi.org/10.1101/2020.02.19.20024851	https://pubmed.ncbi.nlm.nih.gov/32096566	32096566
https://doi.org/10.1101/2020.05.25.20113050	https://pubmed.ncbi.nlm.nih.gov/32648546	32648546
https://doi.org/10.1101/2020.03.26.010165	https://pubmed.ncbi.nlm.nih.gov/32375025	32375025
https://doi.org/10.1101/2020.04.27.20074583	https://pubmed.ncbi.nlm.nih.gov/32407884	32407884
https://doi.org/10.1101/2020.03.28.20046243	https://pubmed.ncbi.nlm.nih.gov/32455807	32455807
https://doi.org/10.1101/2020.04.25.060350	https://pubmed.ncbi.nlm.nih.gov/32358202	32358202
https://doi.org/10.1101/2020.04.28.20083832	https://pubmed.ncbi.nlm.nih.gov/32599407	32599407
https://doi.org/10.1101/2020.04.02.20050922	https://pubmed.ncbi.nlm.nih.gov/32414780	32414780
https://doi.org/10.1101/2020.05.26.20102889	https://pubmed.ncbi.nlm.nih.gov/32654049	32654049
https://doi.org/10.1101/2020.04.24.20078105	https://pubmed.ncbi.nlm.nih.gov/32505456	32505456
https://doi.org/10.1101/2020.05.04.20090027	https://pubmed.ncbi.nlm.nih.gov/32504735	32504735
https://doi.org/10.1101/2020.03.19.20038950	https://pubmed.ncbi.nlm.nih.gov/32271597	32271597
https://doi.org/10.1101/2020.04.20.20067512	https://pubmed.ncbi.nlm.nih.gov/32598302	32598302
https://doi.org/10.1101/2020.05.02.20088740	https://pubmed.ncbi.nlm.nih.gov/32461287	32461287
https://doi.org/10.1101/2020.04.28.20075481	https://pubmed.ncbi.nlm.nih.gov/32419713	32419713
https://doi.org/10.1101/2020.04.20.051219	https://pubmed.ncbi.nlm.nih.gov/32384820	32384820
https://doi.org/10.1101/2020.04.22.20074914	https://pubmed.ncbi.nlm.nih.gov/32438677	32438677
https://doi.org/10.1101/2020.04.23.20074310	https://pubmed.ncbi.nlm.nih.gov/32463802	32463802
https://doi.org/10.1101/2020.05.04.20091298	https://pubmed.ncbi.nlm.nih.gov/32574184	32574184
https://doi.org/10.1101/2020.03.12.20034678	https://pubmed.ncbi.nlm.nih.gov/32421258	32421258
https://doi.org/10.1101/2020.03.18.20038059	https://pubmed.ncbi.nlm.nih.gov/32267220	32267220
https://doi.org/10.1101/2020.04.21.20073262	https://pubmed.ncbi.nlm.nih.gov/32378737	32378737
https://doi.org/10.1101/2020.05.27.20114512	https://pubmed.ncbi.nlm.nih.gov/32579983	32579983
https://doi.org/10.1101/2020.05.18.20101618	https://pubmed.ncbi.nlm.nih.gov/32563180	32563180
https://doi.org/10.1101/2020.03.26.20039438	https://pubmed.ncbi.nlm.nih.gov/32358960	32358960
https://doi.org/10.1101/2020.04.14.041228	https://pubmed.ncbi.nlm.nih.gov/32442105	32442105
https://doi.org/10.1101/2020.03.29.20046557	https://pubmed.ncbi.nlm.nih.gov/32472043	32472043
https://doi.org/10.1101/2020.01.28.20019299	https://pubmed.ncbi.nlm.nih.gov/32053479	32053479
https://doi.org/10.1101/2020.03.23.20039362	https://pubmed.ncbi.nlm.nih.gov/32377375	32377375
https://doi.org/10.1101/2020.01.23.917351	https://pubmed.ncbi.nlm.nih.gov/32019669	32019669
https://doi.org/10.1101/2020.03.07.20031575	https://pubmed.ncbi.nlm.nih.gov/32293449	32293449
https://doi.org/10.1101/2020.02.21.20026187	https://pubmed.ncbi.nlm.nih.gov/32301745	32301745
https://doi.org/10.1101/2020.04.04.20052308	https://pubmed.ncbi.nlm.nih.gov/32517845	32517845
https://doi.org/10.1101/2020.04.21.052209	https://pubmed.ncbi.nlm.nih.gov/32651113	32651113
https://doi.org/10.1101/2020.02.19.20025155	https://pubmed.ncbi.nlm.nih.gov/32530929	32530929
https://doi.org/10.1101/2020.03.25.20043364	https://pubmed.ncbi.nlm.nih.gov/32628131	32628131
https://doi.org/10.1101/2020.03.08.20032946	https://pubmed.ncbi.nlm.nih.gov/32234805	32234805
https://doi.org/10.1101/2020.04.11.20059170	https://pubmed.ncbi.nlm.nih.gov/32453877	32453877
https://doi.org/10.1101/2020.02.03.20020263	https://pubmed.ncbi.nlm.nih.gov/32194980	32194980
https://doi.org/10.1101/2020.03.24.20040162	https://pubmed.ncbi.nlm.nih.gov/32633729	32633729
https://doi.org/10.1101/2020.03.19.20032532	https://pubmed.ncbi.nlm.nih.gov/32407411	32407411
https://doi.org/10.1101/2020.01.24.915157	https://pubmed.ncbi.nlm.nih.gov/31994738	31994738
https://doi.org/10.1101/2020.04.14.20064949	https://pubmed.ncbi.nlm.nih.gov/32353991	32353991
https://doi.org/10.1101/2020.05.06.20093575	https://pubmed.ncbi.nlm.nih.gov/32513858	32513858
https://doi.org/10.1101/2020.04.07.20045617	https://pubmed.ncbi.nlm.nih.gov/32574342	32574342
https://doi.org/10.1101/2020.02.05.935072	https://pubmed.ncbi.nlm.nih.gov/32517882	32517882
https://doi.org/10.1101/2020.05.08.20095174	https://pubmed.ncbi.nlm.nih.gov/32597048	32597048
https://doi.org/10.1101/2020.03.12.988865	https://pubmed.ncbi.nlm.nih.gov/32330414	32330414
https://doi.org/10.1101/2020.04.23.20076455	https://pubmed.ncbi.nlm.nih.gov/32387671	32387671
https://doi.org/10.1101/2020.04.17.20069526	https://pubmed.ncbi.nlm.nih.gov/32418307	32418307
https://doi.org/10.1101/2020.02.25.20027664	https://pubmed.ncbi.nlm.nih.gov/32217650	32217650
https://doi.org/10.1101/2020.03.02.20028704	https://pubmed.ncbi.nlm.nih.gov/32417744	32417744
https://doi.org/10.1101/2020.02.15.20023234	https://pubmed.ncbi.nlm.nih.gov/32365703	32365703
https://doi.org/10.1101/2020.04.17.20053157	https://pubmed.ncbi.nlm.nih.gov/32604404	32604404
https://doi.org/10.1101/2020.05.05.20091728	https://pubmed.ncbi.nlm.nih.gov/32594170	32594170
https://doi.org/10.1101/2020.04.17.046375	https://pubmed.ncbi.nlm.nih.gov/32376603	32376603
https://doi.org/10.1101/2020.05.11.20097790	https://pubmed.ncbi.nlm.nih.gov/32586323	32586323
https://doi.org/10.1101/2020.02.08.20021162	https://pubmed.ncbi.nlm.nih.gov/32119825	32119825
https://doi.org/10.1101/2020.04.06.20055863	https://pubmed.ncbi.nlm.nih.gov/32342242	32342242
https://doi.org/10.1101/2020.06.17.20133702	https://pubmed.ncbi.nlm.nih.gov/32589146	32589146
https://doi.org/10.1101/2020.02.08.939660	https://pubmed.ncbi.nlm.nih.gov/32376697	32376697
https://doi.org/10.1101/2020.03.19.997890	https://pubmed.ncbi.nlm.nih.gov/32253226	32253226
https://doi.org/10.1101/2020.05.07.20093807	https://pubmed.ncbi.nlm.nih.gov/32560572	32560572
https://doi.org/10.1101/2020.02.22.20026617	https://pubmed.ncbi.nlm.nih.gov/32382737	32382737
https://doi.org/10.1101/2020.03.23.20041707	https://pubmed.ncbi.nlm.nih.gov/32430429	32430429
https://doi.org/10.1101/2020.04.21.20064147	https://pubmed.ncbi.nlm.nih.gov/32650409	32650409
https://doi.org/10.1101/2020.05.19.20105460	https://pubmed.ncbi.nlm.nih.gov/32504743	32504743
https://doi.org/10.1101/2020.04.06.20042580	https://pubmed.ncbi.nlm.nih.gov/32574262	32574262
https://doi.org/10.1101/2020.03.24.20042705	https://pubmed.ncbi.nlm.nih.gov/32269018	32269018
https://doi.org/10.1101/2020.04.28.20083758	https://pubmed.ncbi.nlm.nih.gov/32470164	32470164
https://doi.org/10.1101/2020.03.04.20029538	https://pubmed.ncbi.nlm.nih.gov/32578378	32578378
https://doi.org/10.1101/2020.04.07.20052340	https://pubmed.ncbi.nlm.nih.gov/32574315	32574315
https://doi.org/10.1101/2020.04.16.043273	https://pubmed.ncbi.nlm.nih.gov/32425659	32425659
https://doi.org/10.1101/2020.05.11.20097808	https://pubmed.ncbi.nlm.nih.gov/32532753	32532753
https://doi.org/10.1101/2020.03.20.20039024	https://pubmed.ncbi.nlm.nih.gov/32392377	32392377
https://doi.org/10.1101/2020.05.01.20077743	https://pubmed.ncbi.nlm.nih.gov/32404477	32404477
https://doi.org/10.1101/2020.03.07.20031393	https://pubmed.ncbi.nlm.nih.gov/32502034	32502034
https://doi.org/10.1101/2020.04.23.057265	https://pubmed.ncbi.nlm.nih.gov/32531208	32531208
https://doi.org/10.1101/2020.01.28.20019224	https://pubmed.ncbi.nlm.nih.gov/32091395	32091395
https://doi.org/10.1101/2020.04.08.032763	https://pubmed.ncbi.nlm.nih.gov/32358203	32358203
https://doi.org/10.1101/2020.01.24.919159	https://pubmed.ncbi.nlm.nih.gov/32054124	32054124
https://doi.org/10.1101/2020.03.27.20044974	https://pubmed.ncbi.nlm.nih.gov/32574340	32574340
https://doi.org/10.1101/2020.03.26.20040709	https://pubmed.ncbi.nlm.nih.gov/32383183	32383183
https://doi.org/10.1101/2020.04.29.20085787	https://pubmed.ncbi.nlm.nih.gov/32542337	32542337
https://doi.org/10.1101/2020.03.24.20043018	https://pubmed.ncbi.nlm.nih.gov/32546824	32546824
https://doi.org/10.1101/2020.04.07.20054585	https://pubmed.ncbi.nlm.nih.gov/32492406	32492406
https://doi.org/10.1101/2020.02.03.932350	https://pubmed.ncbi.nlm.nih.gov/32330208	32330208
https://doi.org/10.1101/2020.04.07.20056788	https://pubmed.ncbi.nlm.nih.gov/32485082	32485082
https://doi.org/10.1101/2020.01.27.20018986	https://pubmed.ncbi.nlm.nih.gov/32046819	32046819
https://doi.org/10.1101/2020.05.07.20093674	https://pubmed.ncbi.nlm.nih.gov/32615936	32615936
https://doi.org/10.1101/2020.05.03.066266	https://pubmed.ncbi.nlm.nih.gov/32615316	32615316
https://doi.org/10.1101/2020.02.08.20021253	https://pubmed.ncbi.nlm.nih.gov/32460229	32460229
https://doi.org/10.1101/2020.04.16.20068379	https://pubmed.ncbi.nlm.nih.gov/32438446	32438446
https://doi.org/10.1101/2020.04.30.20086116	https://pubmed.ncbi.nlm.nih.gov/32410236	32410236
https://doi.org/10.1101/2020.02.29.20029520	https://pubmed.ncbi.nlm.nih.gov/32301997	32301997
https://doi.org/10.1101/2020.03.02.20030312	https://pubmed.ncbi.nlm.nih.gov/32334115	32334115
https://doi.org/10.1101/2020.04.20.20072629	https://pubmed.ncbi.nlm.nih.gov/32534143	32534143
https://doi.org/10.1101/2020.03.13.990226	https://pubmed.ncbi.nlm.nih.gov/32616673	32616673
https://doi.org/10.1101/2020.03.17.20037671	https://pubmed.ncbi.nlm.nih.gov/32617266	32617266
https://doi.org/10.1101/2020.02.17.952903	https://pubmed.ncbi.nlm.nih.gov/32290077	32290077
https://doi.org/10.1101/2020.03.12.20034686	https://pubmed.ncbi.nlm.nih.gov/32544155	32544155
https://doi.org/10.1101/2020.02.18.20024539	https://pubmed.ncbi.nlm.nih.gov/32108351	32108351
https://doi.org/10.1101/2020.02.16.20023903	https://pubmed.ncbi.nlm.nih.gov/32217835	32217835
https://doi.org/10.1101/2020.05.19.105445	https://pubmed.ncbi.nlm.nih.gov/32580948	32580948
https://doi.org/10.1101/2020.04.23.20077156	https://pubmed.ncbi.nlm.nih.gov/32632160	32632160
https://doi.org/10.1101/2020.03.09.983064	https://pubmed.ncbi.nlm.nih.gov/32276051	32276051
https://doi.org/10.1101/2020.04.22.20075671	https://pubmed.ncbi.nlm.nih.gov/32463348	32463348
https://doi.org/10.1101/2020.04.22.055897	https://pubmed.ncbi.nlm.nih.gov/32610037	32610037
https://doi.org/10.1101/2020.02.29.20029322	https://pubmed.ncbi.nlm.nih.gov/32169498	32169498
https://doi.org/10.1101/2020.04.14.041459	https://pubmed.ncbi.nlm.nih.gov/32653452	32653452
https://doi.org/10.1101/2020.02.12.946087	https://pubmed.ncbi.nlm.nih.gov/32183941	32183941
https://doi.org/10.1101/2020.04.22.054981	https://pubmed.ncbi.nlm.nih.gov/32532094	32532094
https://doi.org/10.1101/2020.01.21.914929	https://pubmed.ncbi.nlm.nih.gov/32284379	32284379
https://doi.org/10.1101/2020.03.03.20028423	https://pubmed.ncbi.nlm.nih.gov/32353347	32353347
https://doi.org/10.1101/2020.05.04.20090316	https://pubmed.ncbi.nlm.nih.gov/32546654	32546654
https://doi.org/10.1101/2020.04.17.20070045	https://pubmed.ncbi.nlm.nih.gov/32422408	32422408
https://doi.org/10.1101/2020.03.07.20032672	https://pubmed.ncbi.nlm.nih.gov/32530494	32530494
https://doi.org/10.1101/2020.04.01.20050443	https://pubmed.ncbi.nlm.nih.gov/32368894	32368894
https://doi.org/10.1101/2020.04.26.20079418	https://pubmed.ncbi.nlm.nih.gov/32622380	32622380
https://doi.org/10.1101/2020.04.17.046193	https://pubmed.ncbi.nlm.nih.gov/32619390	32619390
https://doi.org/10.1101/2020.05.11.089862	https://pubmed.ncbi.nlm.nih.gov/32485620	32485620
https://doi.org/10.1101/2020.03.05.20031815	https://pubmed.ncbi.nlm.nih.gov/32372755	32372755
https://doi.org/10.1101/2020.04.05.20054403	https://pubmed.ncbi.nlm.nih.gov/32400361	32400361
https://doi.org/10.1101/2020.04.27.20080226	https://pubmed.ncbi.nlm.nih.gov/32454187	32454187
https://doi.org/10.1101/2020.05.12.091918	https://pubmed.ncbi.nlm.nih.gov/32513867	32513867
https://doi.org/10.1101/2020.03.11.20034546	https://pubmed.ncbi.nlm.nih.gov/32360881	32360881
https://doi.org/10.1101/2020.04.30.20086082	https://pubmed.ncbi.nlm.nih.gov/32558947	32558947
https://doi.org/10.1101/2020.04.27.20081737	https://pubmed.ncbi.nlm.nih.gov/32501374	32501374
https://doi.org/10.1101/2020.03.22.20040600	https://pubmed.ncbi.nlm.nih.gov/32303592	32303592
https://doi.org/10.1101/2020.03.17.20037515	https://pubmed.ncbi.nlm.nih.gov/32296824	32296824
https://doi.org/10.1101/2020.02.22.20026500	https://pubmed.ncbi.nlm.nih.gov/32275288	32275288
https://doi.org/10.1101/2020.02.29.20029462	https://pubmed.ncbi.nlm.nih.gov/32223012	32223012
https://doi.org/10.1101/2020.05.14.20102475	https://pubmed.ncbi.nlm.nih.gov/32618260	32618260
https://doi.org/10.1101/2020.05.09.20096818	https://pubmed.ncbi.nlm.nih.gov/32656001	32656001
https://doi.org/10.1101/2020.03.30.20043612	https://pubmed.ncbi.nlm.nih.gov/32349259	32349259
https://doi.org/10.1101/2020.03.18.20038570	https://pubmed.ncbi.nlm.nih.gov/32435645	32435645
https://doi.org/10.1101/2020.03.18.20038125	https://pubmed.ncbi.nlm.nih.gov/32539988	32539988
https://doi.org/10.1101/2020.03.02.973255	https://pubmed.ncbi.nlm.nih.gov/32596474	32596474
https://doi.org/10.1101/2020.02.21.959817	https://pubmed.ncbi.nlm.nih.gov/32365353	32365353
https://doi.org/10.1101/2020.05.12.088716	https://pubmed.ncbi.nlm.nih.gov/32540902	32540902
https://doi.org/10.1101/2020.04.29.069476	https://pubmed.ncbi.nlm.nih.gov/32452762	32452762
https://doi.org/10.1101/2020.03.04.20031005	https://pubmed.ncbi.nlm.nih.gov/32409826	32409826
https://doi.org/10.1101/2020.05.08.083964	https://pubmed.ncbi.nlm.nih.gov/32571838	32571838
https://doi.org/10.1101/2020.02.18.20023242	https://pubmed.ncbi.nlm.nih.gov/32247631	32247631
https://doi.org/10.1101/2020.04.07.029884	https://pubmed.ncbi.nlm.nih.gov/32659292	32659292
https://doi.org/10.1101/2020.05.05.079202	https://pubmed.ncbi.nlm.nih.gov/32585135	32585135
https://doi.org/10.1101/2020.04.21.054015	https://pubmed.ncbi.nlm.nih.gov/32404436	32404436
https://doi.org/10.1101/2020.03.27.20045807	https://pubmed.ncbi.nlm.nih.gov/32407409	32407409
https://doi.org/10.1101/2020.02.23.20026864	https://pubmed.ncbi.nlm.nih.gov/32411652	32411652
https://doi.org/10.1101/2020.02.19.20025239	https://pubmed.ncbi.nlm.nih.gov/32251805	32251805
https://doi.org/10.1101/2020.03.14.20035980	https://pubmed.ncbi.nlm.nih.gov/32265003	32265003
https://doi.org/10.1101/2020.03.02.20030320	https://pubmed.ncbi.nlm.nih.gov/32171951	32171951
https://doi.org/10.1101/2020.03.15.20035360	https://pubmed.ncbi.nlm.nih.gov/32451563	32451563
https://doi.org/10.1101/2020.03.12.20034736	https://pubmed.ncbi.nlm.nih.gov/32460357	32460357
https://doi.org/10.1101/2020.04.05.20054528	https://pubmed.ncbi.nlm.nih.gov/32400358	32400358
https://doi.org/10.1101/2020.04.28.20073767	https://pubmed.ncbi.nlm.nih.gov/32394344	32394344
https://doi.org/10.1101/2020.04.08.20057919	https://pubmed.ncbi.nlm.nih.gov/32424571	32424571
https://doi.org/10.1101/2020.05.23.20111369	https://pubmed.ncbi.nlm.nih.gov/32650645	32650645
https://doi.org/10.1101/2020.02.04.20020339	https://pubmed.ncbi.nlm.nih.gov/32302377	32302377
https://doi.org/10.1101/2020.03.24.005702	https://pubmed.ncbi.nlm.nih.gov/32463365	32463365
https://doi.org/10.1101/2020.03.09.20033050	https://pubmed.ncbi.nlm.nih.gov/32220655	32220655
https://doi.org/10.1101/2020.04.07.030924	https://pubmed.ncbi.nlm.nih.gov/32502733	32502733
https://doi.org/10.1101/2020.03.22.20038919	https://pubmed.ncbi.nlm.nih.gov/32339844	32339844
https://doi.org/10.1101/2020.03.01.20029769	https://pubmed.ncbi.nlm.nih.gov/32428990	32428990
https://doi.org/10.1101/2020.04.19.20054262	https://pubmed.ncbi.nlm.nih.gov/32526193	32526193
https://doi.org/10.1101/2020.04.07.20056234	https://pubmed.ncbi.nlm.nih.gov/32388471	32388471
https://doi.org/10.1101/2020.05.02.20080879	https://pubmed.ncbi.nlm.nih.gov/32603801	32603801
https://doi.org/10.1101/2020.04.09.20057901	https://pubmed.ncbi.nlm.nih.gov/32403007	32403007
https://doi.org/10.1101/2020.04.26.20080242	https://pubmed.ncbi.nlm.nih.gov/32526655	32526655
https://doi.org/10.1101/2020.04.01.20050138	https://pubmed.ncbi.nlm.nih.gov/32594937	32594937
https://doi.org/10.1101/2020.03.09.20033241	https://pubmed.ncbi.nlm.nih.gov/32374400	32374400
https://doi.org/10.1101/2020.03.26.009233	https://pubmed.ncbi.nlm.nih.gov/32376627	32376627
https://doi.org/10.1101/2020.05.26.20113258	https://pubmed.ncbi.nlm.nih.gov/32658859	32658859
https://doi.org/10.1101/2020.02.10.20021584	https://pubmed.ncbi.nlm.nih.gov/32434518	32434518
https://doi.org/10.1101/2020.03.15.20036426	https://pubmed.ncbi.nlm.nih.gov/32408453	32408453
https://doi.org/10.1101/2020.03.15.992438	https://pubmed.ncbi.nlm.nih.gov/32547891	32547891
https://doi.org/10.1101/2020.01.30.20019844	https://pubmed.ncbi.nlm.nih.gov/32234804	32234804
https://doi.org/10.1101/2020.03.31.20048967	https://pubmed.ncbi.nlm.nih.gov/32369759	32369759
https://doi.org/10.1101/2020.03.21.20031336	https://pubmed.ncbi.nlm.nih.gov/32552016	32552016
https://doi.org/10.1101/2020.04.28.20074187	https://pubmed.ncbi.nlm.nih.gov/32627200	32627200
https://doi.org/10.1101/2020.02.26.20028167	https://pubmed.ncbi.nlm.nih.gov/32614817	32614817
https://doi.org/10.1101/2020.03.30.20048108	https://pubmed.ncbi.nlm.nih.gov/32651556	32651556
https://doi.org/10.1101/2020.03.08.20032821	https://pubmed.ncbi.nlm.nih.gov/32495918	32495918
https://doi.org/10.1101/2020.03.30.20043513	https://pubmed.ncbi.nlm.nih.gov/32344319	32344319
https://doi.org/10.1101/2020.02.17.20024018	https://pubmed.ncbi.nlm.nih.gov/32239761	32239761
https://doi.org/10.1101/2020.04.20.20072413	https://pubmed.ncbi.nlm.nih.gov/32404476	32404476
https://doi.org/10.1101/2020.02.13.20022822	https://pubmed.ncbi.nlm.nih.gov/32183920	32183920
https://doi.org/10.1101/2020.03.05.20031773	https://pubmed.ncbi.nlm.nih.gov/32234121	32234121
https://doi.org/10.1101/2020.02.14.20023036	https://pubmed.ncbi.nlm.nih.gov/32576605	32576605
https://doi.org/10.1101/2020.05.07.20073981	https://pubmed.ncbi.nlm.nih.gov/32462545	32462545
https://doi.org/10.1101/2020.05.06.20073742	https://pubmed.ncbi.nlm.nih.gov/32456346	32456346
https://doi.org/10.1101/2020.03.26.009605	https://pubmed.ncbi.nlm.nih.gov/32575076	32575076
https://doi.org/10.1101/2020.04.17.20069864	https://pubmed.ncbi.nlm.nih.gov/32341143	32341143
https://doi.org/10.1101/2020.04.12.20062604	https://pubmed.ncbi.nlm.nih.gov/32425003	32425003
https://doi.org/10.1101/2020.06.21.20136903	https://pubmed.ncbi.nlm.nih.gov/32621392	32621392
https://doi.org/10.1101/2020.04.05.20054700	https://pubmed.ncbi.nlm.nih.gov/32546823	32546823
https://doi.org/10.1101/2020.03.23.20041319	https://pubmed.ncbi.nlm.nih.gov/32330458	32330458
https://doi.org/10.1101/2020.02.25.965434	https://pubmed.ncbi.nlm.nih.gov/32621841	32621841
https://doi.org/10.1101/2020.04.09.20058941	https://pubmed.ncbi.nlm.nih.gov/32619760	32619760
https://doi.org/10.1101/2020.03.17.995639	https://pubmed.ncbi.nlm.nih.gov/32303590	32303590
https://doi.org/10.1101/2020.05.10.20076414	https://pubmed.ncbi.nlm.nih.gov/32585830	32585830
https://doi.org/10.1101/2020.04.01.20049908	https://pubmed.ncbi.nlm.nih.gov/32502389	32502389
https://doi.org/10.1101/2020.04.22.055608	https://pubmed.ncbi.nlm.nih.gov/32647131	32647131
https://doi.org/10.1101/2020.02.18.20024414	https://pubmed.ncbi.nlm.nih.gov/32269067	32269067
https://doi.org/10.1101/2020.02.13.20022707	https://pubmed.ncbi.nlm.nih.gov/32246905	32246905
https://doi.org/10.1101/2020.04.03.20052787	https://pubmed.ncbi.nlm.nih.gov/32423996	32423996
https://doi.org/10.1101/2020.03.01.20029801	https://pubmed.ncbi.nlm.nih.gov/32456689	32456689
https://doi.org/10.1101/2020.03.13.991307	https://pubmed.ncbi.nlm.nih.gov/32353252	32353252
https://doi.org/10.1101/2020.02.01.929976	https://pubmed.ncbi.nlm.nih.gov/32332765	32332765
https://doi.org/10.1101/2020.03.08.982637	https://pubmed.ncbi.nlm.nih.gov/32340022	32340022
https://doi.org/10.1101/2020.05.08.085506	https://pubmed.ncbi.nlm.nih.gov/32510168	32510168
https://doi.org/10.1101/2020.03.02.974139	https://pubmed.ncbi.nlm.nih.gov/32416074	32416074
https://doi.org/10.1101/2020.05.14.20102079	https://pubmed.ncbi.nlm.nih.gov/32620178	32620178
https://doi.org/10.1101/2020.04.13.20063198	https://pubmed.ncbi.nlm.nih.gov/32437822	32437822
https://doi.org/10.1101/2020.03.20.999029	https://pubmed.ncbi.nlm.nih.gov/32434888	32434888
https://doi.org/10.1101/2020.01.26.20018887	https://pubmed.ncbi.nlm.nih.gov/32120913	32120913
https://doi.org/10.1101/2020.03.25.006569	https://pubmed.ncbi.nlm.nih.gov/32366025	32366025
https://doi.org/10.1101/2020.05.01.072330	https://pubmed.ncbi.nlm.nih.gov/32581081	32581081
https://doi.org/10.1101/2020.03.29.20039529	https://pubmed.ncbi.nlm.nih.gov/32361996	32361996
https://doi.org/10.1101/2020.03.13.991570	https://pubmed.ncbi.nlm.nih.gov/32245784	32245784
https://doi.org/10.1101/2020.04.06.028902	https://pubmed.ncbi.nlm.nih.gov/32416598	32416598
https://doi.org/10.1101/2020.03.17.20037788	https://pubmed.ncbi.nlm.nih.gov/32408508	32408508
https://doi.org/10.1101/2020.02.17.951335	https://pubmed.ncbi.nlm.nih.gov/32380510	32380510
https://doi.org/10.1101/2020.03.19.20039107	https://pubmed.ncbi.nlm.nih.gov/32350060	32350060
https://doi.org/10.1101/2020.03.18.20038018	https://pubmed.ncbi.nlm.nih.gov/32350462	32350462
https://doi.org/10.1101/2020.02.27.20028639	https://pubmed.ncbi.nlm.nih.gov/32219006	32219006
https://doi.org/10.1101/2020.05.01.20053413	https://pubmed.ncbi.nlm.nih.gov/32616597	32616597
https://doi.org/10.1101/2020.05.03.20084160	https://pubmed.ncbi.nlm.nih.gov/32553061	32553061
https://doi.org/10.1101/2020.03.16.993584	https://pubmed.ncbi.nlm.nih.gov/32605661	32605661
https://doi.org/10.1101/2020.05.02.20088484	https://pubmed.ncbi.nlm.nih.gov/32430957	32430957
https://doi.org/10.1101/2020.03.03.20029843	https://pubmed.ncbi.nlm.nih.gov/32365354	32365354
https://doi.org/10.1101/2020.03.12.20034660	https://pubmed.ncbi.nlm.nih.gov/32311320	32311320
https://doi.org/10.1101/2020.04.23.20077024	https://pubmed.ncbi.nlm.nih.gov/32559451	32559451
https://doi.org/10.1101/2020.03.25.996348	https://pubmed.ncbi.nlm.nih.gov/32321856	32321856
https://doi.org/10.1101/2020.03.06.20032334	https://pubmed.ncbi.nlm.nih.gov/32300245	32300245
https://doi.org/10.1101/2020.04.24.060376	https://pubmed.ncbi.nlm.nih.gov/32374457	32374457
https://doi.org/10.1101/2020.03.09.20033357	https://pubmed.ncbi.nlm.nih.gov/32240634	32240634
https://doi.org/10.1101/2020.03.23.20041673	https://pubmed.ncbi.nlm.nih.gov/32527255	32527255
https://doi.org/10.1101/2020.02.18.954628	https://pubmed.ncbi.nlm.nih.gov/32407364	32407364
https://doi.org/10.1101/2020.04.23.20076042	https://pubmed.ncbi.nlm.nih.gov/32444460	32444460
https://doi.org/10.1101/2020.04.01.20050542	https://pubmed.ncbi.nlm.nih.gov/32571980	32571980
https://doi.org/10.1101/2020.02.19.956581	https://pubmed.ncbi.nlm.nih.gov/32155444	32155444
https://doi.org/10.1101/2020.04.28.20082586	https://pubmed.ncbi.nlm.nih.gov/32522738	32522738
https://doi.org/10.1101/2020.04.12.20062646	https://pubmed.ncbi.nlm.nih.gov/32418288	32418288
https://doi.org/10.1101/2020.03.30.20047415	https://pubmed.ncbi.nlm.nih.gov/32575078	32575078
https://doi.org/10.1101/2020.05.08.20089268	https://pubmed.ncbi.nlm.nih.gov/32513659	32513659
https://doi.org/10.1101/2020.01.29.20019547	https://pubmed.ncbi.nlm.nih.gov/32075152	32075152
https://doi.org/10.1101/2020.01.31.20019935	https://pubmed.ncbi.nlm.nih.gov/32309796	32309796
https://doi.org/10.1101/2020.03.05.20032003	https://pubmed.ncbi.nlm.nih.gov/32430088	32430088
https://doi.org/10.1101/2020.02.19.956235	https://pubmed.ncbi.nlm.nih.gov/32225176	32225176
https://doi.org/10.1101/2020.02.26.20026971	https://pubmed.ncbi.nlm.nih.gov/32283325	32283325
https://doi.org/10.1101/2020.03.22.20039933	https://pubmed.ncbi.nlm.nih.gov/32641758	32641758
https://doi.org/10.1101/2020.04.21.20073833	https://pubmed.ncbi.nlm.nih.gov/32442581	32442581
https://doi.org/10.1101/2020.03.17.20036640	https://pubmed.ncbi.nlm.nih.gov/32413330	32413330
https://doi.org/10.1101/2020.04.07.20051474	https://pubmed.ncbi.nlm.nih.gov/32422057	32422057
https://doi.org/10.1101/2020.03.11.20033159	https://pubmed.ncbi.nlm.nih.gov/32276848	32276848
https://doi.org/10.1101/2020.04.27.20081810	https://pubmed.ncbi.nlm.nih.gov/32619549	32619549
https://doi.org/10.1101/2020.02.07.20021154	https://pubmed.ncbi.nlm.nih.gov/32255761	32255761
https://doi.org/10.1101/2020.04.01.20049767	https://pubmed.ncbi.nlm.nih.gov/32382154	32382154
https://doi.org/10.1101/2020.04.15.20066431	https://pubmed.ncbi.nlm.nih.gov/32609310	32609310
https://doi.org/10.1101/2020.03.28.20045765	https://pubmed.ncbi.nlm.nih.gov/32619956	32619956
https://doi.org/10.1101/2020.05.24.20111914	https://pubmed.ncbi.nlm.nih.gov/32622888	32622888
https://doi.org/10.1101/2020.03.20.999730	https://pubmed.ncbi.nlm.nih.gov/32366720	32366720
https://doi.org/10.1101/2020.02.02.20020016	https://pubmed.ncbi.nlm.nih.gov/32150748	32150748
https://doi.org/10.1101/2020.04.08.20058495	https://pubmed.ncbi.nlm.nih.gov/32492531	32492531
https://doi.org/10.1101/2020.02.21.20026112	https://pubmed.ncbi.nlm.nih.gov/32339715	32339715
https://doi.org/10.1101/2020.05.12.20100040	https://pubmed.ncbi.nlm.nih.gov/32560207	32560207
https://doi.org/10.1101/2020.04.19.20071399	https://pubmed.ncbi.nlm.nih.gov/32525765	32525765
https://doi.org/10.1101/2020.02.06.20020974	https://pubmed.ncbi.nlm.nih.gov/32109013	32109013
https://doi.org/10.1101/2020.03.31.015941	https://pubmed.ncbi.nlm.nih.gov/32571797	32571797
https://doi.org/10.1101/2020.04.05.20054494	https://pubmed.ncbi.nlm.nih.gov/32409839	32409839
https://doi.org/10.1101/2020.04.20.20072264	https://pubmed.ncbi.nlm.nih.gov/32378252	32378252
https://doi.org/10.1101/2020.04.27.065383	https://pubmed.ncbi.nlm.nih.gov/32652813	32652813
https://doi.org/10.1101/2020.06.30.20143909	https://pubmed.ncbi.nlm.nih.gov/32124990	32124990
https://doi.org/10.1101/2020.05.04.20090951	https://pubmed.ncbi.nlm.nih.gov/32361446	32361446
https://doi.org/10.1101/2020.04.14.041434	https://pubmed.ncbi.nlm.nih.gov/32558308	32558308
https://doi.org/10.1101/2020.03.26.20042044	https://pubmed.ncbi.nlm.nih.gov/32320064	32320064
https://doi.org/10.1101/2020.02.21.20026328	https://pubmed.ncbi.nlm.nih.gov/32247326	32247326
https://doi.org/10.1101/2020.05.06.20092999	https://pubmed.ncbi.nlm.nih.gov/32640463	32640463
https://doi.org/10.1101/2020.04.16.20067975	https://pubmed.ncbi.nlm.nih.gov/32449782	32449782
https://doi.org/10.1101/2020.03.04.20031112	https://pubmed.ncbi.nlm.nih.gov/32291278	32291278
https://doi.org/10.1101/2020.04.17.20069435	https://pubmed.ncbi.nlm.nih.gov/32545378	32545378
https://doi.org/10.1101/2020.05.31.20114991	https://pubmed.ncbi.nlm.nih.gov/32558485	32558485
https://doi.org/10.1101/2020.01.31.20019265	https://pubmed.ncbi.nlm.nih.gov/32046816	32046816
https://doi.org/10.1101/2020.03.26.20042184	https://pubmed.ncbi.nlm.nih.gov/32357209	32357209
https://doi.org/10.1101/2020.03.23.20041913	https://pubmed.ncbi.nlm.nih.gov/32437576	32437576
https://doi.org/10.1101/2020.04.02.20050898	https://pubmed.ncbi.nlm.nih.gov/32642878	32642878
https://doi.org/10.1101/2020.04.29.20084327	https://pubmed.ncbi.nlm.nih.gov/32591762	32591762
https://doi.org/10.1101/2020.02.19.20025163	https://pubmed.ncbi.nlm.nih.gov/32168464	32168464
https://doi.org/10.1101/2020.04.15.20067256	https://pubmed.ncbi.nlm.nih.gov/32607504	32607504
https://doi.org/10.1101/2020.05.29.20116749	https://pubmed.ncbi.nlm.nih.gov/32498655	32498655
https://doi.org/10.1101/2020.04.12.20062943	https://pubmed.ncbi.nlm.nih.gov/32444358	32444358
https://doi.org/10.1101/2020.04.28.20082750	https://pubmed.ncbi.nlm.nih.gov/32487283	32487283
https://doi.org/10.1101/2020.05.12.20094524	https://pubmed.ncbi.nlm.nih.gov/32524515	32524515
https://doi.org/10.1101/2020.04.27.20082289	https://pubmed.ncbi.nlm.nih.gov/32641730	32641730
https://doi.org/10.1101/2020.01.19.911669	https://pubmed.ncbi.nlm.nih.gov/32111262	32111262
https://doi.org/10.1101/2020.05.10.20097394	https://pubmed.ncbi.nlm.nih.gov/32493739	32493739
https://doi.org/10.1101/2020.04.09.20060129	https://pubmed.ncbi.nlm.nih.gov/32397762	32397762
https://doi.org/10.1101/2020.05.07.20090621	https://pubmed.ncbi.nlm.nih.gov/32533556	32533556
https://doi.org/10.1101/2020.05.04.20090803	https://pubmed.ncbi.nlm.nih.gov/32486140	32486140
https://doi.org/10.1101/2020.05.02.20088898	https://pubmed.ncbi.nlm.nih.gov/32534626	32534626
https://doi.org/10.1101/2020.03.30.015990	https://pubmed.ncbi.nlm.nih.gov/32413276	32413276
https://doi.org/10.1101/2020.04.06.20050575	https://pubmed.ncbi.nlm.nih.gov/32473124	32473124
https://doi.org/10.1101/2020.04.22.20075762	https://pubmed.ncbi.nlm.nih.gov/32516108	32516108
https://doi.org/10.1101/2020.04.24.20078303	https://pubmed.ncbi.nlm.nih.gov/32639233	32639233
https://doi.org/10.1101/2020.03.02.20029975	https://pubmed.ncbi.nlm.nih.gov/32360286	32360286
https://doi.org/10.1101/2020.03.18.20034561	https://pubmed.ncbi.nlm.nih.gov/32356867	32356867
https://doi.org/10.1101/2020.03.26.009803	https://pubmed.ncbi.nlm.nih.gov/32167173	32167173
https://doi.org/10.1101/2020.04.18.20064774	https://pubmed.ncbi.nlm.nih.gov/32553130	32553130
https://doi.org/10.1101/2020.02.04.20020495	https://pubmed.ncbi.nlm.nih.gov/32207679	32207679
https://doi.org/10.1101/2020.05.15.20095927	https://pubmed.ncbi.nlm.nih.gov/32556260	32556260
https://doi.org/10.1101/2020.06.29.20131367	https://pubmed.ncbi.nlm.nih.gov/32485473	32485473
https://doi.org/10.1101/2020.04.04.20053363	https://pubmed.ncbi.nlm.nih.gov/32582748	32582748
https://doi.org/10.1101/2020.03.17.20037903	https://pubmed.ncbi.nlm.nih.gov/32650037	32650037
https://doi.org/10.1101/2020.05.05.078501	https://pubmed.ncbi.nlm.nih.gov/32444354	32444354
https://doi.org/10.1101/2020.03.27.20044891	https://pubmed.ncbi.nlm.nih.gov/32343222	32343222
https://doi.org/10.1101/2020.02.20.20025866	https://pubmed.ncbi.nlm.nih.gov/32183930	32183930
https://doi.org/10.1101/2020.03.22.20040287	https://pubmed.ncbi.nlm.nih.gov/32405103	32405103
https://doi.org/10.1101/2020.03.05.20030502	https://pubmed.ncbi.nlm.nih.gov/32235945	32235945
https://doi.org/10.1101/2020.02.27.20027557	https://pubmed.ncbi.nlm.nih.gov/32318327	32318327
https://doi.org/10.1101/2020.04.14.20053587	https://pubmed.ncbi.nlm.nih.gov/32639236	32639236
https://doi.org/10.1101/2020.02.27.20028530	https://pubmed.ncbi.nlm.nih.gov/32525548	32525548
https://doi.org/10.1101/2020.05.06.20093336	https://pubmed.ncbi.nlm.nih.gov/32576668	32576668
https://doi.org/10.1101/2020.04.26.20080663	https://pubmed.ncbi.nlm.nih.gov/32629788	32629788
https://doi.org/10.1101/2020.03.21.20037267	https://pubmed.ncbi.nlm.nih.gov/32621617	32621617
https://doi.org/10.1101/2020.05.14.095661	https://pubmed.ncbi.nlm.nih.gov/32408336	32408336
https://doi.org/10.1101/2020.04.05.20053884	https://pubmed.ncbi.nlm.nih.gov/32528664	32528664
https://doi.org/10.1101/2020.02.28.20029181	https://pubmed.ncbi.nlm.nih.gov/32334082	32334082
https://doi.org/10.1101/2020.05.22.20109934	https://pubmed.ncbi.nlm.nih.gov/32291502	32291502
https://doi.org/10.1101/2020.03.17.20037408	https://pubmed.ncbi.nlm.nih.gov/32112714	32112714
https://doi.org/10.1101/2020.04.08.20057794	https://pubmed.ncbi.nlm.nih.gov/32444366	32444366
https://doi.org/10.1101/2020.02.10.20021832	https://pubmed.ncbi.nlm.nih.gov/32297671	32297671
https://doi.org/10.1101/2020.03.29.20046490	https://pubmed.ncbi.nlm.nih.gov/32575492	32575492
https://doi.org/10.1101/2020.04.07.20052142	https://pubmed.ncbi.nlm.nih.gov/32592974	32592974
https://doi.org/10.1101/2020.02.27.20028829	https://pubmed.ncbi.nlm.nih.gov/32198088	32198088
https://doi.org/10.1101/2020.03.10.986711	https://pubmed.ncbi.nlm.nih.gov/32284092	32284092
https://doi.org/10.1101/2020.04.08.033001	https://pubmed.ncbi.nlm.nih.gov/32545271	32545271
https://doi.org/10.1101/2020.05.07.20092353	https://pubmed.ncbi.nlm.nih.gov/32621869	32621869
https://doi.org/10.1101/2020.03.08.20030643	https://pubmed.ncbi.nlm.nih.gov/32320641	32320641
https://doi.org/10.1101/2020.05.19.20107094	https://pubmed.ncbi.nlm.nih.gov/32622400	32622400
https://doi.org/10.1101/2020.03.03.20030593	https://pubmed.ncbi.nlm.nih.gov/32275295	32275295
https://doi.org/10.1101/2020.05.03.20072207	https://pubmed.ncbi.nlm.nih.gov/32560044	32560044
https://doi.org/10.1101/2020.03.15.20036376	https://pubmed.ncbi.nlm.nih.gov/32626666	32626666
https://doi.org/10.1101/2020.03.02.20030064	https://pubmed.ncbi.nlm.nih.gov/32238216	32238216
https://doi.org/10.1101/2020.05.26.115261	https://pubmed.ncbi.nlm.nih.gov/32611670	32611670
https://doi.org/10.1101/2020.04.11.036855	https://pubmed.ncbi.nlm.nih.gov/32521706	32521706
https://doi.org/10.1101/2020.04.09.20060137	https://pubmed.ncbi.nlm.nih.gov/32304942	32304942
https://doi.org/10.1101/2020.03.11.20034215	https://pubmed.ncbi.nlm.nih.gov/32339723	32339723
https://doi.org/10.1101/2020.02.26.20026989	https://pubmed.ncbi.nlm.nih.gov/32601708	32601708
https://doi.org/10.1101/2020.05.09.20082909	https://pubmed.ncbi.nlm.nih.gov/32558644	32558644
https://doi.org/10.1101/2020.02.03.20020248	https://pubmed.ncbi.nlm.nih.gov/32033064	32033064
https://doi.org/10.1101/2020.04.10.20060699	https://pubmed.ncbi.nlm.nih.gov/32409486	32409486
https://doi.org/10.1101/2020.03.29.014290	https://pubmed.ncbi.nlm.nih.gov/32543353	32543353
https://doi.org/10.1101/2020.03.30.20043919	https://pubmed.ncbi.nlm.nih.gov/32324118	32324118
https://doi.org/10.1101/2020.04.15.20065995	https://pubmed.ncbi.nlm.nih.gov/32526492	32526492
https://doi.org/10.1101/2020.02.23.20026690	https://pubmed.ncbi.nlm.nih.gov/32398875	32398875
