	_id	correction.identifier	correction.@type	correction.correctionType	correction.url
1	2020.03.31.20048876	pmid32525881	outbreak:Correction	peer-reviewed version	https://pubmed.ncbi.nlm.nih.gov/pmid32525881
2	2020.05.22.20106328	pmid32485157	outbreak:Correction	peer-reviewed version	https://pubmed.ncbi.nlm.nih.gov/pmid32485157
3	2020.04.27.20082347	pmid32497212	outbreak:Correction	peer-reviewed version	https://pubmed.ncbi.nlm.nih.gov/pmid32497212
4	2020.04.09.033233	pmid32382072	outbreak:Correction	peer-reviewed version	https://pubmed.ncbi.nlm.nih.gov/pmid32382072
5	2020.03.27.012906	pmid32398273	outbreak:Correction	peer-reviewed version	https://pubmed.ncbi.nlm.nih.gov/pmid32398273
6	2020.06.03.132357	pmid32536002	outbreak:Correction	peer-reviewed version	https://pubmed.ncbi.nlm.nih.gov/pmid32536002
7	2020.05.14.20091843	pmid32485197	outbreak:Correction	peer-reviewed version	https://pubmed.ncbi.nlm.nih.gov/pmid32485197
8	2020.03.30.20044099	pmid32335405	outbreak:Correction	peer-reviewed version	https://pubmed.ncbi.nlm.nih.gov/pmid32335405
9	2020.03.15.992925	pmid32244779	outbreak:Correction	peer-reviewed version	https://pubmed.ncbi.nlm.nih.gov/pmid32244779
10	2020.06.14.20128876	pmid32615198	outbreak:Correction	peer-reviewed version	https://pubmed.ncbi.nlm.nih.gov/pmid32615198
11	2020.02.10.936898	pmid32045235	outbreak:Correction	peer-reviewed version	https://pubmed.ncbi.nlm.nih.gov/pmid32045235
12	2020.04.06.20054841	pmid32492045	outbreak:Correction	peer-reviewed version	https://pubmed.ncbi.nlm.nih.gov/pmid32492045
13	2020.06.02.20119313	pmid32629880	outbreak:Correction	peer-reviewed version	https://pubmed.ncbi.nlm.nih.gov/pmid32629880
14	2020.01.31.929547	pmid32280433	outbreak:Correction	peer-reviewed version	https://pubmed.ncbi.nlm.nih.gov/pmid32280433
15	2020.02.20.20025619	pmid32146694	outbreak:Correction	peer-reviewed version	https://pubmed.ncbi.nlm.nih.gov/pmid32146694
16	2020.05.07.20094516	pmid32441744	outbreak:Correction	peer-reviewed version	https://pubmed.ncbi.nlm.nih.gov/pmid32441744
17	2020.05.11.089896	pmid32471894	outbreak:Correction	peer-reviewed version	https://pubmed.ncbi.nlm.nih.gov/pmid32471894
18	2020.04.20.052258	pmid32575728	outbreak:Correction	peer-reviewed version	https://pubmed.ncbi.nlm.nih.gov/pmid32575728
19	2020.04.03.20052548	pmid32479865	outbreak:Correction	peer-reviewed version	https://pubmed.ncbi.nlm.nih.gov/pmid32479865
20	2020.03.04.976027	pmid32410735	outbreak:Correction	peer-reviewed version	https://pubmed.ncbi.nlm.nih.gov/pmid32410735
21	2020.03.23.20041533	pmid32574235	outbreak:Correction	peer-reviewed version	https://pubmed.ncbi.nlm.nih.gov/pmid32574235
22	2020.05.21.20109082	pmid32579597	outbreak:Correction	peer-reviewed version	https://pubmed.ncbi.nlm.nih.gov/pmid32579597
23	2020.04.12.20062661	pmid32427924	outbreak:Correction	peer-reviewed version	https://pubmed.ncbi.nlm.nih.gov/pmid32427924
24	2020.04.09.20059857	pmid32346656	outbreak:Correction	peer-reviewed version	https://pubmed.ncbi.nlm.nih.gov/pmid32346656
25	2020.04.24.20078568	pmid32571605	outbreak:Correction	peer-reviewed version	https://pubmed.ncbi.nlm.nih.gov/pmid32571605
26	2020.02.19.20025148	pmid32355547	outbreak:Correction	peer-reviewed version	https://pubmed.ncbi.nlm.nih.gov/pmid32355547
27	2020.04.06.20055624	pmid32355904	outbreak:Correction	peer-reviewed version	https://pubmed.ncbi.nlm.nih.gov/pmid32355904
28	2020.04.26.20080846	pmid32471302	outbreak:Correction	peer-reviewed version	https://pubmed.ncbi.nlm.nih.gov/pmid32471302
29	2020.03.13.20035261	pmid32540727	outbreak:Correction	peer-reviewed version	https://pubmed.ncbi.nlm.nih.gov/pmid32540727
30	2020.04.02.021469	pmid32641482	outbreak:Correction	peer-reviewed version	https://pubmed.ncbi.nlm.nih.gov/pmid32641482
31	2020.03.13.20035642	pmid32574341	outbreak:Correction	peer-reviewed version	https://pubmed.ncbi.nlm.nih.gov/pmid32574341
32	2020.05.16.20104422	pmid32547890	outbreak:Correction	peer-reviewed version	https://pubmed.ncbi.nlm.nih.gov/pmid32547890
33	2020.02.04.934232	pmid32461973	outbreak:Correction	peer-reviewed version	https://pubmed.ncbi.nlm.nih.gov/pmid32461973
34	2020.04.03.20050195	pmid32304208	outbreak:Correction	peer-reviewed version	https://pubmed.ncbi.nlm.nih.gov/pmid32304208
35	2020.04.29.20085514	pmid32404481	outbreak:Correction	peer-reviewed version	https://pubmed.ncbi.nlm.nih.gov/pmid32404481
36	2020.02.21.20026435	pmid32493466	outbreak:Correction	peer-reviewed version	https://pubmed.ncbi.nlm.nih.gov/pmid32493466
37	2020.04.20.20073288	pmid32566560	outbreak:Correction	peer-reviewed version	https://pubmed.ncbi.nlm.nih.gov/pmid32566560
38	2020.06.19.20109173	pmid32570995	outbreak:Correction	peer-reviewed version	https://pubmed.ncbi.nlm.nih.gov/pmid32570995
39	2020.04.30.20077594	pmid32399507	outbreak:Correction	peer-reviewed version	https://pubmed.ncbi.nlm.nih.gov/pmid32399507
40	2020.04.22.20070441	pmid32645053	outbreak:Correction	peer-reviewed version	https://pubmed.ncbi.nlm.nih.gov/pmid32645053
41	2020.03.02.20030452	pmid32311650	outbreak:Correction	peer-reviewed version	https://pubmed.ncbi.nlm.nih.gov/pmid32311650
42	2020.05.04.20090902	pmid32564071	outbreak:Correction	peer-reviewed version	https://pubmed.ncbi.nlm.nih.gov/pmid32564071
43	2020.05.14.096107	pmid32540495	outbreak:Correction	peer-reviewed version	https://pubmed.ncbi.nlm.nih.gov/pmid32540495
44	2020.05.15.096511	pmid32540900	outbreak:Correction	peer-reviewed version	https://pubmed.ncbi.nlm.nih.gov/pmid32540900
45	2020.06.10.20127084	pmid32628744	outbreak:Correction	peer-reviewed version	https://pubmed.ncbi.nlm.nih.gov/pmid32628744
46	2020.04.02.20051557	pmid32612894	outbreak:Correction	peer-reviewed version	https://pubmed.ncbi.nlm.nih.gov/pmid32612894
47	2020.04.30.20083907	pmid32573498	outbreak:Correction	peer-reviewed version	https://pubmed.ncbi.nlm.nih.gov/pmid32573498
48	2020.05.06.20093377	pmid32527802	outbreak:Correction	peer-reviewed version	https://pubmed.ncbi.nlm.nih.gov/pmid32527802
49	2020.06.16.151704	pmid32629042	outbreak:Correction	peer-reviewed version	https://pubmed.ncbi.nlm.nih.gov/pmid32629042
50	2020.03.16.20036145	pmid32253318	outbreak:Correction	peer-reviewed version	https://pubmed.ncbi.nlm.nih.gov/pmid32253318
51	2020.02.03.933226	pmid32106567	outbreak:Correction	peer-reviewed version	https://pubmed.ncbi.nlm.nih.gov/pmid32106567
52	2020.05.04.20076349	pmid32443442	outbreak:Correction	peer-reviewed version	https://pubmed.ncbi.nlm.nih.gov/pmid32443442
53	2020.04.22.20075200	pmid32425251	outbreak:Correction	peer-reviewed version	https://pubmed.ncbi.nlm.nih.gov/pmid32425251
54	2020.03.24.20042598	pmid32232322	outbreak:Correction	peer-reviewed version	https://pubmed.ncbi.nlm.nih.gov/pmid32232322
55	2020.04.17.042366	pmid32570810	outbreak:Correction	peer-reviewed version	https://pubmed.ncbi.nlm.nih.gov/pmid32570810
56	2020.04.29.20084517	pmid32587844	outbreak:Correction	peer-reviewed version	https://pubmed.ncbi.nlm.nih.gov/pmid32587844
57	2020.04.28.20082743	pmid32605549	outbreak:Correction	peer-reviewed version	https://pubmed.ncbi.nlm.nih.gov/pmid32605549
58	2020.05.05.20080044	pmid32404482	outbreak:Correction	peer-reviewed version	https://pubmed.ncbi.nlm.nih.gov/pmid32404482
59	2020.04.13.20064378	pmid32566555	outbreak:Correction	peer-reviewed version	https://pubmed.ncbi.nlm.nih.gov/pmid32566555
60	2020.03.06.20032177	pmid32574319	outbreak:Correction	peer-reviewed version	https://pubmed.ncbi.nlm.nih.gov/pmid32574319
61	2020.05.06.081968	pmid32513797	outbreak:Correction	peer-reviewed version	https://pubmed.ncbi.nlm.nih.gov/pmid32513797
62	2020.03.13.991455	pmid32246845	outbreak:Correction	peer-reviewed version	https://pubmed.ncbi.nlm.nih.gov/pmid32246845
63	2020.05.01.20087999	pmid32383125	outbreak:Correction	peer-reviewed version	https://pubmed.ncbi.nlm.nih.gov/pmid32383125
64	2020.05.08.084061	pmid32404529	outbreak:Correction	peer-reviewed version	https://pubmed.ncbi.nlm.nih.gov/pmid32404529
65	2020.03.06.977876	pmid32363136	outbreak:Correction	peer-reviewed version	https://pubmed.ncbi.nlm.nih.gov/pmid32363136
66	2020.02.02.931162	pmid32027036	outbreak:Correction	peer-reviewed version	https://pubmed.ncbi.nlm.nih.gov/pmid32027036
67	2020.04.16.20067496	pmid32502274	outbreak:Correction	peer-reviewed version	https://pubmed.ncbi.nlm.nih.gov/pmid32502274
68	2020.04.04.20047886	pmid32558354	outbreak:Correction	peer-reviewed version	https://pubmed.ncbi.nlm.nih.gov/pmid32558354
69	2020.05.06.20092833	pmid32535877	outbreak:Correction	peer-reviewed version	https://pubmed.ncbi.nlm.nih.gov/pmid32535877
70	2020.06.06.20124123	pmid32636214	outbreak:Correction	peer-reviewed version	https://pubmed.ncbi.nlm.nih.gov/pmid32636214
71	2020.04.09.20059311	pmid32355424	outbreak:Correction	peer-reviewed version	https://pubmed.ncbi.nlm.nih.gov/pmid32355424
72	2020.02.16.20023804	pmid32257174	outbreak:Correction	peer-reviewed version	https://pubmed.ncbi.nlm.nih.gov/pmid32257174
73	2020.03.10.20033761	pmid32518842	outbreak:Correction	peer-reviewed version	https://pubmed.ncbi.nlm.nih.gov/pmid32518842
74	2020.04.13.20064352	pmid32566557	outbreak:Correction	peer-reviewed version	https://pubmed.ncbi.nlm.nih.gov/pmid32566557
75	2020.04.24.20075291	pmid32584966	outbreak:Correction	peer-reviewed version	https://pubmed.ncbi.nlm.nih.gov/pmid32584966
76	2020.04.29.20064279	pmid32501409	outbreak:Correction	peer-reviewed version	https://pubmed.ncbi.nlm.nih.gov/pmid32501409
77	2020.04.16.20067421	pmid32620975	outbreak:Correction	peer-reviewed version	https://pubmed.ncbi.nlm.nih.gov/pmid32620975
78	2020.03.31.20049023	pmid32375776	outbreak:Correction	peer-reviewed version	https://pubmed.ncbi.nlm.nih.gov/pmid32375776
79	2020.04.08.20056929	pmid32471856	outbreak:Correction	peer-reviewed version	https://pubmed.ncbi.nlm.nih.gov/pmid32471856
80	2020.04.14.20063420	pmid32427104	outbreak:Correction	peer-reviewed version	https://pubmed.ncbi.nlm.nih.gov/pmid32427104
81	2020.03.18.20038448	pmid32348711	outbreak:Correction	peer-reviewed version	https://pubmed.ncbi.nlm.nih.gov/pmid32348711
82	2020.05.13.094482	pmid32517266	outbreak:Correction	peer-reviewed version	https://pubmed.ncbi.nlm.nih.gov/pmid32517266
83	2020.04.22.20075564	pmid32387968	outbreak:Correction	peer-reviewed version	https://pubmed.ncbi.nlm.nih.gov/pmid32387968
84	2020.04.13.20040980	pmid32343415	outbreak:Correction	peer-reviewed version	https://pubmed.ncbi.nlm.nih.gov/pmid32343415
85	2020.03.04.20030973	pmid32428041	outbreak:Correction	peer-reviewed version	https://pubmed.ncbi.nlm.nih.gov/pmid32428041
86	2020.04.19.20067660	pmid32633720	outbreak:Correction	peer-reviewed version	https://pubmed.ncbi.nlm.nih.gov/pmid32633720
87	2020.03.09.983247	pmid32231345	outbreak:Correction	peer-reviewed version	https://pubmed.ncbi.nlm.nih.gov/pmid32231345
88	2020.04.21.20072405	pmid32469989	outbreak:Correction	peer-reviewed version	https://pubmed.ncbi.nlm.nih.gov/pmid32469989
89	2020.03.09.20033381	pmid32320381	outbreak:Correction	peer-reviewed version	https://pubmed.ncbi.nlm.nih.gov/pmid32320381
90	2020.03.25.20037721	pmid32361738	outbreak:Correction	peer-reviewed version	https://pubmed.ncbi.nlm.nih.gov/pmid32361738
91	2020.05.02.20088336	pmid32446978	outbreak:Correction	peer-reviewed version	https://pubmed.ncbi.nlm.nih.gov/pmid32446978
92	2020.04.15.20065623	pmid32497196	outbreak:Correction	peer-reviewed version	https://pubmed.ncbi.nlm.nih.gov/pmid32497196
93	2020.03.12.20034231	pmid32594577	outbreak:Correction	peer-reviewed version	https://pubmed.ncbi.nlm.nih.gov/pmid32594577
94	2020.04.15.20067025	pmid32579590	outbreak:Correction	peer-reviewed version	https://pubmed.ncbi.nlm.nih.gov/pmid32579590
95	2020.03.15.20032870	pmid32222993	outbreak:Correction	peer-reviewed version	https://pubmed.ncbi.nlm.nih.gov/pmid32222993
96	2020.03.31.014639	pmid32578982	outbreak:Correction	peer-reviewed version	https://pubmed.ncbi.nlm.nih.gov/pmid32578982
97	2020.05.07.083147	pmid32656452	outbreak:Correction	peer-reviewed version	https://pubmed.ncbi.nlm.nih.gov/pmid32656452
98	2020.05.04.20090274	pmid32419766	outbreak:Correction	peer-reviewed version	https://pubmed.ncbi.nlm.nih.gov/pmid32419766
99	2020.03.31.20038935	pmid32348166	outbreak:Correction	peer-reviewed version	https://pubmed.ncbi.nlm.nih.gov/pmid32348166
100	2020.05.30.20117572	pmid32587387	outbreak:Correction	peer-reviewed version	https://pubmed.ncbi.nlm.nih.gov/pmid32587387
101	2020.04.20.20073155	pmid32562477	outbreak:Correction	peer-reviewed version	https://pubmed.ncbi.nlm.nih.gov/pmid32562477
102	2020.02.22.20024927	pmid32191764	outbreak:Correction	peer-reviewed version	https://pubmed.ncbi.nlm.nih.gov/pmid32191764
103	2020.04.17.20057125	pmid32508062	outbreak:Correction	peer-reviewed version	https://pubmed.ncbi.nlm.nih.gov/pmid32508062
104	2020.03.16.20035014	pmid32229605	outbreak:Correction	peer-reviewed version	https://pubmed.ncbi.nlm.nih.gov/pmid32229605
105	2020.04.24.20074559	pmid32350048	outbreak:Correction	peer-reviewed version	https://pubmed.ncbi.nlm.nih.gov/pmid32350048
106	2020.02.25.20024711	pmid32508038	outbreak:Correction	peer-reviewed version	https://pubmed.ncbi.nlm.nih.gov/pmid32508038
107	2020.04.27.063180	pmid32438371	outbreak:Correction	peer-reviewed version	https://pubmed.ncbi.nlm.nih.gov/pmid32438371
108	2020.05.08.20095471	pmid32473109	outbreak:Correction	peer-reviewed version	https://pubmed.ncbi.nlm.nih.gov/pmid32473109
109	2020.05.08.20093393	pmid32586891	outbreak:Correction	peer-reviewed version	https://pubmed.ncbi.nlm.nih.gov/pmid32586891
110	2020.03.15.992818	pmid32296544	outbreak:Correction	peer-reviewed version	https://pubmed.ncbi.nlm.nih.gov/pmid32296544
111	2020.04.07.20057117	pmid32438824	outbreak:Correction	peer-reviewed version	https://pubmed.ncbi.nlm.nih.gov/pmid32438824
112	2020.02.26.20027938	pmid32289466	outbreak:Correction	peer-reviewed version	https://pubmed.ncbi.nlm.nih.gov/pmid32289466
113	2020.03.25.20043539	pmid32598342	outbreak:Correction	peer-reviewed version	https://pubmed.ncbi.nlm.nih.gov/pmid32598342
114	782409	pmid32188728	outbreak:Correction	peer-reviewed version	https://pubmed.ncbi.nlm.nih.gov/pmid32188728
115	2020.04.27.20082362	pmid32381641	outbreak:Correction	peer-reviewed version	https://pubmed.ncbi.nlm.nih.gov/pmid32381641
116	2020.01.22.914952	pmid32015507	outbreak:Correction	peer-reviewed version	https://pubmed.ncbi.nlm.nih.gov/pmid32015507
117	2020.03.15.20036707	pmid32296168	outbreak:Correction	peer-reviewed version	https://pubmed.ncbi.nlm.nih.gov/pmid32296168
118	2020.04.14.20064733	pmid32566559	outbreak:Correction	peer-reviewed version	https://pubmed.ncbi.nlm.nih.gov/pmid32566559
119	2020.04.14.20065664	pmid32566563	outbreak:Correction	peer-reviewed version	https://pubmed.ncbi.nlm.nih.gov/pmid32566563
120	2020.04.22.056218	pmid32488616	outbreak:Correction	peer-reviewed version	https://pubmed.ncbi.nlm.nih.gov/pmid32488616
121	2020.02.26.964882	pmid32272481	outbreak:Correction	peer-reviewed version	https://pubmed.ncbi.nlm.nih.gov/pmid32272481
122	2020.03.24.20042358	pmid32446795	outbreak:Correction	peer-reviewed version	https://pubmed.ncbi.nlm.nih.gov/pmid32446795
123	2020.05.11.20096263	pmid32650275	outbreak:Correction	peer-reviewed version	https://pubmed.ncbi.nlm.nih.gov/pmid32650275
124	2020.04.12.038554	pmid32507105	outbreak:Correction	peer-reviewed version	https://pubmed.ncbi.nlm.nih.gov/pmid32507105
125	2020.03.15.20036418	pmid32329522	outbreak:Correction	peer-reviewed version	https://pubmed.ncbi.nlm.nih.gov/pmid32329522
126	2020.03.15.20036293	pmid32300018	outbreak:Correction	peer-reviewed version	https://pubmed.ncbi.nlm.nih.gov/pmid32300018
127	2020.05.01.20081026	pmid32584972	outbreak:Correction	peer-reviewed version	https://pubmed.ncbi.nlm.nih.gov/pmid32584972
128	2020.03.10.20033852	pmid32637423	outbreak:Correction	peer-reviewed version	https://pubmed.ncbi.nlm.nih.gov/pmid32637423
129	2020.03.04.20026005	pmid32369217	outbreak:Correction	peer-reviewed version	https://pubmed.ncbi.nlm.nih.gov/pmid32369217
130	2020.04.21.20074054	pmid32582739	outbreak:Correction	peer-reviewed version	https://pubmed.ncbi.nlm.nih.gov/pmid32582739
131	2020.03.18.20037101	pmid32296837	outbreak:Correction	peer-reviewed version	https://pubmed.ncbi.nlm.nih.gov/pmid32296837
132	2020.04.08.20058297	pmid32428031	outbreak:Correction	peer-reviewed version	https://pubmed.ncbi.nlm.nih.gov/pmid32428031
133	2020.03.25.20043745	pmid32392262	outbreak:Correction	peer-reviewed version	https://pubmed.ncbi.nlm.nih.gov/pmid32392262
134	2020.04.22.056747	pmid32416600	outbreak:Correction	peer-reviewed version	https://pubmed.ncbi.nlm.nih.gov/pmid32416600
135	2020.02.25.20027672	pmid32426363	outbreak:Correction	peer-reviewed version	https://pubmed.ncbi.nlm.nih.gov/pmid32426363
136	2020.05.02.20087221	pmid32401343	outbreak:Correction	peer-reviewed version	https://pubmed.ncbi.nlm.nih.gov/pmid32401343
137	2020.05.29.20117358	pmid32651997	outbreak:Correction	peer-reviewed version	https://pubmed.ncbi.nlm.nih.gov/pmid32651997
138	2020.03.24.20042317	pmid32444412	outbreak:Correction	peer-reviewed version	https://pubmed.ncbi.nlm.nih.gov/pmid32444412
139	2020.04.13.20064360	pmid32566558	outbreak:Correction	peer-reviewed version	https://pubmed.ncbi.nlm.nih.gov/pmid32566558
140	2020.03.25.20043927	pmid32320478	outbreak:Correction	peer-reviewed version	https://pubmed.ncbi.nlm.nih.gov/pmid32320478
141	2020.05.12.091462	pmid32651581	outbreak:Correction	peer-reviewed version	https://pubmed.ncbi.nlm.nih.gov/pmid32651581
142	2020.03.13.20034496	pmid32283450	outbreak:Correction	peer-reviewed version	https://pubmed.ncbi.nlm.nih.gov/pmid32283450
143	2020.04.18.20071035	pmid32367739	outbreak:Correction	peer-reviewed version	https://pubmed.ncbi.nlm.nih.gov/pmid32367739
144	2020.01.26.920249	pmid32004758	outbreak:Correction	peer-reviewed version	https://pubmed.ncbi.nlm.nih.gov/pmid32004758
145	2020.03.22.20040915	pmid32397286	outbreak:Correction	peer-reviewed version	https://pubmed.ncbi.nlm.nih.gov/pmid32397286
146	2020.03.18.20038026	pmid32314976	outbreak:Correction	peer-reviewed version	https://pubmed.ncbi.nlm.nih.gov/pmid32314976
147	2020.04.21.042911	pmid32379723	outbreak:Correction	peer-reviewed version	https://pubmed.ncbi.nlm.nih.gov/pmid32379723
148	2020.04.01.20047076	pmid32359424	outbreak:Correction	peer-reviewed version	https://pubmed.ncbi.nlm.nih.gov/pmid32359424
149	2020.04.30.20085928	pmid32460829	outbreak:Correction	peer-reviewed version	https://pubmed.ncbi.nlm.nih.gov/pmid32460829
150	2020.05.04.20074609	pmid32427279	outbreak:Correction	peer-reviewed version	https://pubmed.ncbi.nlm.nih.gov/pmid32427279
151	2020.04.28.20082735	pmid32444493	outbreak:Correction	peer-reviewed version	https://pubmed.ncbi.nlm.nih.gov/pmid32444493
152	2020.06.26.20056507	pmid32644224	outbreak:Correction	peer-reviewed version	https://pubmed.ncbi.nlm.nih.gov/pmid32644224
153	2020.03.22.20040642	pmid32512578	outbreak:Correction	peer-reviewed version	https://pubmed.ncbi.nlm.nih.gov/pmid32512578
154	2020.04.29.20085563	pmid32437434	outbreak:Correction	peer-reviewed version	https://pubmed.ncbi.nlm.nih.gov/pmid32437434
155	2020.03.03.20030627	pmid32546245	outbreak:Correction	peer-reviewed version	https://pubmed.ncbi.nlm.nih.gov/pmid32546245
156	2020.03.28.20046151	pmid32574328	outbreak:Correction	peer-reviewed version	https://pubmed.ncbi.nlm.nih.gov/pmid32574328
157	2020.05.27.20114819	pmid32623081	outbreak:Correction	peer-reviewed version	https://pubmed.ncbi.nlm.nih.gov/pmid32623081
158	2020.03.30.20047688	pmid32574335	outbreak:Correction	peer-reviewed version	https://pubmed.ncbi.nlm.nih.gov/pmid32574335
159	2020.02.04.20020503	pmid32093043	outbreak:Correction	peer-reviewed version	https://pubmed.ncbi.nlm.nih.gov/pmid32093043
160	2020.05.07.20094557	pmid32431288	outbreak:Correction	peer-reviewed version	https://pubmed.ncbi.nlm.nih.gov/pmid32431288
161	2020.03.24.20042432	pmid32327245	outbreak:Correction	peer-reviewed version	https://pubmed.ncbi.nlm.nih.gov/pmid32327245
162	2020.04.09.20056374	pmid32578943	outbreak:Correction	peer-reviewed version	https://pubmed.ncbi.nlm.nih.gov/pmid32578943
163	2020.05.13.20100198	pmid32539586	outbreak:Correction	peer-reviewed version	https://pubmed.ncbi.nlm.nih.gov/pmid32539586
164	2020.02.29.20029439	pmid32438868	outbreak:Correction	peer-reviewed version	https://pubmed.ncbi.nlm.nih.gov/pmid32438868
165	2020.04.27.20081356	pmid32526759	outbreak:Correction	peer-reviewed version	https://pubmed.ncbi.nlm.nih.gov/pmid32526759
166	2020.04.07.029017	pmid32397847	outbreak:Correction	peer-reviewed version	https://pubmed.ncbi.nlm.nih.gov/pmid32397847
167	2020.02.11.944462	pmid32075877	outbreak:Correction	peer-reviewed version	https://pubmed.ncbi.nlm.nih.gov/pmid32075877
168	2020.03.11.987958	pmid32366817	outbreak:Correction	peer-reviewed version	https://pubmed.ncbi.nlm.nih.gov/pmid32366817
169	2020.04.15.20066480	pmid32360770	outbreak:Correction	peer-reviewed version	https://pubmed.ncbi.nlm.nih.gov/pmid32360770
170	2020.07.05.20146878	pmid32641296	outbreak:Correction	peer-reviewed version	https://pubmed.ncbi.nlm.nih.gov/pmid32641296
171	2020.01.26.20018754	pmid32079150	outbreak:Correction	peer-reviewed version	https://pubmed.ncbi.nlm.nih.gov/pmid32079150
172	2020.04.19.20071712	pmid32409519	outbreak:Correction	peer-reviewed version	https://pubmed.ncbi.nlm.nih.gov/pmid32409519
173	2020.03.23.20041897	pmid32587932	outbreak:Correction	peer-reviewed version	https://pubmed.ncbi.nlm.nih.gov/pmid32587932
174	2020.03.29.20045039	pmid32532983	outbreak:Correction	peer-reviewed version	https://pubmed.ncbi.nlm.nih.gov/pmid32532983
175	2020.05.18.101493	pmid32553059	outbreak:Correction	peer-reviewed version	https://pubmed.ncbi.nlm.nih.gov/pmid32553059
176	2020.05.18.20106245	pmid32579268	outbreak:Correction	peer-reviewed version	https://pubmed.ncbi.nlm.nih.gov/pmid32579268
177	2020.02.10.942136	pmid32218151	outbreak:Correction	peer-reviewed version	https://pubmed.ncbi.nlm.nih.gov/pmid32218151
178	2020.05.07.082487	pmid32522207	outbreak:Correction	peer-reviewed version	https://pubmed.ncbi.nlm.nih.gov/pmid32522207
179	2020.03.02.20026708	pmid32213647	outbreak:Correction	peer-reviewed version	https://pubmed.ncbi.nlm.nih.gov/pmid32213647
180	2020.02.24.20027649	pmid32190785	outbreak:Correction	peer-reviewed version	https://pubmed.ncbi.nlm.nih.gov/pmid32190785
181	2020.02.09.20021261	pmid32144116	outbreak:Correction	peer-reviewed version	https://pubmed.ncbi.nlm.nih.gov/pmid32144116
182	2020.05.06.20093179	pmid32541745	outbreak:Correction	peer-reviewed version	https://pubmed.ncbi.nlm.nih.gov/pmid32541745
183	2020.05.16.099788	pmid32545518	outbreak:Correction	peer-reviewed version	https://pubmed.ncbi.nlm.nih.gov/pmid32545518
184	2020.06.04.20122507	pmid32589756	outbreak:Correction	peer-reviewed version	https://pubmed.ncbi.nlm.nih.gov/pmid32589756
185	2020.03.02.20030288	pmid32343747	outbreak:Correction	peer-reviewed version	https://pubmed.ncbi.nlm.nih.gov/pmid32343747
186	2020.06.03.20112540	pmid32545925	outbreak:Correction	peer-reviewed version	https://pubmed.ncbi.nlm.nih.gov/pmid32545925
187	2020.05.08.20093229	pmid32441303	outbreak:Correction	peer-reviewed version	https://pubmed.ncbi.nlm.nih.gov/pmid32441303
188	2020.04.20.049924	pmid32568027	outbreak:Correction	peer-reviewed version	https://pubmed.ncbi.nlm.nih.gov/pmid32568027
189	2020.02.13.20022806	pmid32176808	outbreak:Correction	peer-reviewed version	https://pubmed.ncbi.nlm.nih.gov/pmid32176808
190	2020.05.02.20080390	pmid32615934	outbreak:Correction	peer-reviewed version	https://pubmed.ncbi.nlm.nih.gov/pmid32615934
191	2020.04.24.20073296	pmid32368629	outbreak:Correction	peer-reviewed version	https://pubmed.ncbi.nlm.nih.gov/pmid32368629
192	2020.04.10.20061176	pmid32388468	outbreak:Correction	peer-reviewed version	https://pubmed.ncbi.nlm.nih.gov/pmid32388468
193	2020.04.12.20062828	pmid32416374	outbreak:Correction	peer-reviewed version	https://pubmed.ncbi.nlm.nih.gov/pmid32416374
194	2020.02.14.20022897	pmid32102279	outbreak:Correction	peer-reviewed version	https://pubmed.ncbi.nlm.nih.gov/pmid32102279
195	2020.04.03.20051649	pmid32473312	outbreak:Correction	peer-reviewed version	https://pubmed.ncbi.nlm.nih.gov/pmid32473312
196	2020.04.25.20079517	pmid32524946	outbreak:Correction	peer-reviewed version	https://pubmed.ncbi.nlm.nih.gov/pmid32524946
197	2020.04.02.20051128	pmid32325386	outbreak:Correction	peer-reviewed version	https://pubmed.ncbi.nlm.nih.gov/pmid32325386
198	2020.03.22.20040832	pmid32430428	outbreak:Correction	peer-reviewed version	https://pubmed.ncbi.nlm.nih.gov/pmid32430428
199	2020.03.02.968388	pmid32304108	outbreak:Correction	peer-reviewed version	https://pubmed.ncbi.nlm.nih.gov/pmid32304108
200	2020.05.17.100685	pmid32654247	outbreak:Correction	peer-reviewed version	https://pubmed.ncbi.nlm.nih.gov/pmid32654247
201	2020.04.05.026187	pmid32361028	outbreak:Correction	peer-reviewed version	https://pubmed.ncbi.nlm.nih.gov/pmid32361028
202	2020.05.13.092619	pmid32555388	outbreak:Correction	peer-reviewed version	https://pubmed.ncbi.nlm.nih.gov/pmid32555388
203	2020.04.01.20049957	pmid32609763	outbreak:Correction	peer-reviewed version	https://pubmed.ncbi.nlm.nih.gov/pmid32609763
204	2020.03.30.20048264	pmid32485871	outbreak:Correction	peer-reviewed version	https://pubmed.ncbi.nlm.nih.gov/pmid32485871
205	2020.03.25.20043380	pmid32589145	outbreak:Correction	peer-reviewed version	https://pubmed.ncbi.nlm.nih.gov/pmid32589145
206	2020.04.20.20072116	pmid32471884	outbreak:Correction	peer-reviewed version	https://pubmed.ncbi.nlm.nih.gov/pmid32471884
207	2020.04.15.20066811	pmid32377030	outbreak:Correction	peer-reviewed version	https://pubmed.ncbi.nlm.nih.gov/pmid32377030
208	2020.05.20.103325	pmid32559081	outbreak:Correction	peer-reviewed version	https://pubmed.ncbi.nlm.nih.gov/pmid32559081
209	2020.05.13.20100289	pmid32576696	outbreak:Correction	peer-reviewed version	https://pubmed.ncbi.nlm.nih.gov/pmid32576696
210	2020.04.13.20064402	pmid32566556	outbreak:Correction	peer-reviewed version	https://pubmed.ncbi.nlm.nih.gov/pmid32566556
211	2020.04.15.20066308	pmid32536760	outbreak:Correction	peer-reviewed version	https://pubmed.ncbi.nlm.nih.gov/pmid32536760
212	2020.05.03.20089649	pmid32426062	outbreak:Correction	peer-reviewed version	https://pubmed.ncbi.nlm.nih.gov/pmid32426062
213	2020.05.05.20091983	pmid32422233	outbreak:Correction	peer-reviewed version	https://pubmed.ncbi.nlm.nih.gov/pmid32422233
214	2020.03.31.20047621	pmid32510598	outbreak:Correction	peer-reviewed version	https://pubmed.ncbi.nlm.nih.gov/pmid32510598
215	2020.02.19.20025288	pmid32229732	outbreak:Correction	peer-reviewed version	https://pubmed.ncbi.nlm.nih.gov/pmid32229732
216	2020.04.10.20060558	pmid32409561	outbreak:Correction	peer-reviewed version	https://pubmed.ncbi.nlm.nih.gov/pmid32409561
217	2020.04.11.037382	pmid32558639	outbreak:Correction	peer-reviewed version	https://pubmed.ncbi.nlm.nih.gov/pmid32558639
218	2020.06.14.151381	pmid32605182	outbreak:Correction	peer-reviewed version	https://pubmed.ncbi.nlm.nih.gov/pmid32605182
219	2020.02.12.20022426	pmid32384159	outbreak:Correction	peer-reviewed version	https://pubmed.ncbi.nlm.nih.gov/pmid32384159
220	2020.05.12.20099879	pmid32525844	outbreak:Correction	peer-reviewed version	https://pubmed.ncbi.nlm.nih.gov/pmid32525844
221	2020.06.05.20121566	pmid32539253	outbreak:Correction	peer-reviewed version	https://pubmed.ncbi.nlm.nih.gov/pmid32539253
222	2020.04.11.20062349	pmid32591408	outbreak:Correction	peer-reviewed version	https://pubmed.ncbi.nlm.nih.gov/pmid32591408
223	2020.02.26.20028308	pmid32302370	outbreak:Correction	peer-reviewed version	https://pubmed.ncbi.nlm.nih.gov/pmid32302370
224	2020.01.28.923011	pmid32065055	outbreak:Correction	peer-reviewed version	https://pubmed.ncbi.nlm.nih.gov/pmid32065055
225	2020.04.26.20080994	pmid32482785	outbreak:Correction	peer-reviewed version	https://pubmed.ncbi.nlm.nih.gov/pmid32482785
226	2020.04.07.029132	pmid32378705	outbreak:Correction	peer-reviewed version	https://pubmed.ncbi.nlm.nih.gov/pmid32378705
227	2020.05.27.120410	pmid32599282	outbreak:Correction	peer-reviewed version	https://pubmed.ncbi.nlm.nih.gov/pmid32599282
228	2020.05.15.098947	pmid32645951	outbreak:Correction	peer-reviewed version	https://pubmed.ncbi.nlm.nih.gov/pmid32645951
229	2020.03.16.993386	pmid32277040	outbreak:Correction	peer-reviewed version	https://pubmed.ncbi.nlm.nih.gov/pmid32277040
230	2020.04.09.20059196	pmid32503874	outbreak:Correction	peer-reviewed version	https://pubmed.ncbi.nlm.nih.gov/pmid32503874
231	2020.05.13.20101006	pmid32562541	outbreak:Correction	peer-reviewed version	https://pubmed.ncbi.nlm.nih.gov/pmid32562541
232	2020.04.23.20077644	pmid32437017	outbreak:Correction	peer-reviewed version	https://pubmed.ncbi.nlm.nih.gov/pmid32437017
233	2020.05.14.20102301	pmid32591733	outbreak:Correction	peer-reviewed version	https://pubmed.ncbi.nlm.nih.gov/pmid32591733
234	2020.04.09.034462	pmid32509472	outbreak:Correction	peer-reviewed version	https://pubmed.ncbi.nlm.nih.gov/pmid32509472
235	2020.03.14.20036202	pmid32292868	outbreak:Correction	peer-reviewed version	https://pubmed.ncbi.nlm.nih.gov/pmid32292868
236	2020.03.09.20032045	pmid32453411	outbreak:Correction	peer-reviewed version	https://pubmed.ncbi.nlm.nih.gov/pmid32453411
237	2020.03.13.20035428	pmid32283141	outbreak:Correction	peer-reviewed version	https://pubmed.ncbi.nlm.nih.gov/pmid32283141
238	2020.03.04.20031237	pmid32430459	outbreak:Correction	peer-reviewed version	https://pubmed.ncbi.nlm.nih.gov/pmid32430459
239	2020.03.15.993097	pmid32426212	outbreak:Correction	peer-reviewed version	https://pubmed.ncbi.nlm.nih.gov/pmid32426212
240	2020.05.12.20094508	pmid32646885	outbreak:Correction	peer-reviewed version	https://pubmed.ncbi.nlm.nih.gov/pmid32646885
241	2020.04.16.044503	pmid32641684	outbreak:Correction	peer-reviewed version	https://pubmed.ncbi.nlm.nih.gov/pmid32641684
242	2020.03.02.20030189	pmid32221519	outbreak:Correction	peer-reviewed version	https://pubmed.ncbi.nlm.nih.gov/pmid32221519
243	2020.04.17.20068916	pmid32545441	outbreak:Correction	peer-reviewed version	https://pubmed.ncbi.nlm.nih.gov/pmid32545441
244	2020.05.24.20110346	pmid32634826	outbreak:Correction	peer-reviewed version	https://pubmed.ncbi.nlm.nih.gov/pmid32634826
245	2020.05.15.098616	pmid32587094	outbreak:Correction	peer-reviewed version	https://pubmed.ncbi.nlm.nih.gov/pmid32587094
246	2020.03.21.001628	pmid32396922	outbreak:Correction	peer-reviewed version	https://pubmed.ncbi.nlm.nih.gov/pmid32396922
247	2020.04.20.051581	pmid32541865	outbreak:Correction	peer-reviewed version	https://pubmed.ncbi.nlm.nih.gov/pmid32541865
248	2020.04.16.20067231	pmid32609640	outbreak:Correction	peer-reviewed version	https://pubmed.ncbi.nlm.nih.gov/pmid32609640
249	2020.04.02.021725	pmid32650788	outbreak:Correction	peer-reviewed version	https://pubmed.ncbi.nlm.nih.gov/pmid32650788
250	2020.04.07.029934	pmid32592724	outbreak:Correction	peer-reviewed version	https://pubmed.ncbi.nlm.nih.gov/pmid32592724
251	2020.04.10.20061259	pmid32568721	outbreak:Correction	peer-reviewed version	https://pubmed.ncbi.nlm.nih.gov/pmid32568721
252	2020.02.15.950568	pmid32431949	outbreak:Correction	peer-reviewed version	https://pubmed.ncbi.nlm.nih.gov/pmid32431949
253	2020.04.05.026450	pmid32522874	outbreak:Correction	peer-reviewed version	https://pubmed.ncbi.nlm.nih.gov/pmid32522874
254	2020.05.03.074971	pmid32470046	outbreak:Correction	peer-reviewed version	https://pubmed.ncbi.nlm.nih.gov/pmid32470046
255	2020.03.19.20038182	pmid32586336	outbreak:Correction	peer-reviewed version	https://pubmed.ncbi.nlm.nih.gov/pmid32586336
256	2020.03.05.20031476	pmid32566569	outbreak:Correction	peer-reviewed version	https://pubmed.ncbi.nlm.nih.gov/pmid32566569
257	2020.05.12.091165	pmid32545799	outbreak:Correction	peer-reviewed version	https://pubmed.ncbi.nlm.nih.gov/pmid32545799
258	2020.02.16.20023671	pmid32361250	outbreak:Correction	peer-reviewed version	https://pubmed.ncbi.nlm.nih.gov/pmid32361250
259	2020.04.08.013516	pmid32473352	outbreak:Correction	peer-reviewed version	https://pubmed.ncbi.nlm.nih.gov/pmid32473352
260	2020.04.22.20074963	pmid32582302	outbreak:Correction	peer-reviewed version	https://pubmed.ncbi.nlm.nih.gov/pmid32582302
261	2020.05.05.20092635	pmid32521776	outbreak:Correction	peer-reviewed version	https://pubmed.ncbi.nlm.nih.gov/pmid32521776
262	2020.04.17.20069716	pmid32466820	outbreak:Correction	peer-reviewed version	https://pubmed.ncbi.nlm.nih.gov/pmid32466820
263	2020.05.12.20098699	pmid32598450	outbreak:Correction	peer-reviewed version	https://pubmed.ncbi.nlm.nih.gov/pmid32598450
264	2020.01.24.919183	pmid32015508	outbreak:Correction	peer-reviewed version	https://pubmed.ncbi.nlm.nih.gov/pmid32015508
265	2020.03.28.013672	pmid32425701	outbreak:Correction	peer-reviewed version	https://pubmed.ncbi.nlm.nih.gov/pmid32425701
266	2020.05.27.120204	pmid32504802	outbreak:Correction	peer-reviewed version	https://pubmed.ncbi.nlm.nih.gov/pmid32504802
267	2020.03.29.20043547	pmid32302966	outbreak:Correction	peer-reviewed version	https://pubmed.ncbi.nlm.nih.gov/pmid32302966
268	2020.04.28.20079947	pmid32656101	outbreak:Correction	peer-reviewed version	https://pubmed.ncbi.nlm.nih.gov/pmid32656101
269	2020.03.02.972935	pmid32160149	outbreak:Correction	peer-reviewed version	https://pubmed.ncbi.nlm.nih.gov/pmid32160149
270	2020.04.14.20065094	pmid32393482	outbreak:Correction	peer-reviewed version	https://pubmed.ncbi.nlm.nih.gov/pmid32393482
271	2020.03.27.20044495	pmid32290902	outbreak:Correction	peer-reviewed version	https://pubmed.ncbi.nlm.nih.gov/pmid32290902
272	2020.02.19.20024851	pmid32096566	outbreak:Correction	peer-reviewed version	https://pubmed.ncbi.nlm.nih.gov/pmid32096566
273	2020.05.09.086165	pmid32544566	outbreak:Correction	peer-reviewed version	https://pubmed.ncbi.nlm.nih.gov/pmid32544566
274	2020.05.25.20113050	pmid32648546	outbreak:Correction	peer-reviewed version	https://pubmed.ncbi.nlm.nih.gov/pmid32648546
275	2020.03.26.010165	pmid32375025	outbreak:Correction	peer-reviewed version	https://pubmed.ncbi.nlm.nih.gov/pmid32375025
276	2020.04.27.20074583	pmid32407884	outbreak:Correction	peer-reviewed version	https://pubmed.ncbi.nlm.nih.gov/pmid32407884
277	2020.04.07.023903	pmid32422645	outbreak:Correction	peer-reviewed version	https://pubmed.ncbi.nlm.nih.gov/pmid32422645
278	2020.03.28.20046243	pmid32455807	outbreak:Correction	peer-reviewed version	https://pubmed.ncbi.nlm.nih.gov/pmid32455807
279	2020.04.25.060350	pmid32358202	outbreak:Correction	peer-reviewed version	https://pubmed.ncbi.nlm.nih.gov/pmid32358202
280	2020.04.28.20083832	pmid32599407	outbreak:Correction	peer-reviewed version	https://pubmed.ncbi.nlm.nih.gov/pmid32599407
281	2020.04.02.20050922	pmid32414780	outbreak:Correction	peer-reviewed version	https://pubmed.ncbi.nlm.nih.gov/pmid32414780
282	2020.05.26.20102889	pmid32654049	outbreak:Correction	peer-reviewed version	https://pubmed.ncbi.nlm.nih.gov/pmid32654049
283	2020.04.24.20078105	pmid32505456	outbreak:Correction	peer-reviewed version	https://pubmed.ncbi.nlm.nih.gov/pmid32505456
284	2020.05.04.20090027	pmid32504735	outbreak:Correction	peer-reviewed version	https://pubmed.ncbi.nlm.nih.gov/pmid32504735
285	2020.03.13.991083	pmid32571880	outbreak:Correction	peer-reviewed version	https://pubmed.ncbi.nlm.nih.gov/pmid32571880
286	2020.03.19.20038950	pmid32271597	outbreak:Correction	peer-reviewed version	https://pubmed.ncbi.nlm.nih.gov/pmid32271597
287	2020.04.20.20067512	pmid32598302	outbreak:Correction	peer-reviewed version	https://pubmed.ncbi.nlm.nih.gov/pmid32598302
288	2020.05.02.20088740	pmid32461287	outbreak:Correction	peer-reviewed version	https://pubmed.ncbi.nlm.nih.gov/pmid32461287
289	2020.04.28.20075481	pmid32419713	outbreak:Correction	peer-reviewed version	https://pubmed.ncbi.nlm.nih.gov/pmid32419713
290	2020.04.20.051219	pmid32384820	outbreak:Correction	peer-reviewed version	https://pubmed.ncbi.nlm.nih.gov/pmid32384820
291	2020.04.22.20074914	pmid32438677	outbreak:Correction	peer-reviewed version	https://pubmed.ncbi.nlm.nih.gov/pmid32438677
292	2020.04.23.20074310	pmid32463802	outbreak:Correction	peer-reviewed version	https://pubmed.ncbi.nlm.nih.gov/pmid32463802
293	2020.05.04.20091298	pmid32574184	outbreak:Correction	peer-reviewed version	https://pubmed.ncbi.nlm.nih.gov/pmid32574184
294	2020.04.07.20056812	pmid32472745	outbreak:Correction	peer-reviewed version	https://pubmed.ncbi.nlm.nih.gov/pmid32472745
295	2020.03.13.20035618	pmid32269100	outbreak:Correction	peer-reviewed version	https://pubmed.ncbi.nlm.nih.gov/pmid32269100
296	2020.03.26.010322	pmid32366695	outbreak:Correction	peer-reviewed version	https://pubmed.ncbi.nlm.nih.gov/pmid32366695
297	2020.03.12.20034678	pmid32421258	outbreak:Correction	peer-reviewed version	https://pubmed.ncbi.nlm.nih.gov/pmid32421258
298	2020.05.04.20086322	pmid32581323	outbreak:Correction	peer-reviewed version	https://pubmed.ncbi.nlm.nih.gov/pmid32581323
299	2020.03.18.20038059	pmid32267220	outbreak:Correction	peer-reviewed version	https://pubmed.ncbi.nlm.nih.gov/pmid32267220
300	2020.04.21.20073262	pmid32378737	outbreak:Correction	peer-reviewed version	https://pubmed.ncbi.nlm.nih.gov/pmid32378737
301	2020.05.27.20114512	pmid32579983	outbreak:Correction	peer-reviewed version	https://pubmed.ncbi.nlm.nih.gov/pmid32579983
302	2020.05.18.20101618	pmid32563180	outbreak:Correction	peer-reviewed version	https://pubmed.ncbi.nlm.nih.gov/pmid32563180
303	2020.04.27.20082107	pmid32631328	outbreak:Correction	peer-reviewed version	https://pubmed.ncbi.nlm.nih.gov/pmid32631328
304	2020.03.26.20039438	pmid32358960	outbreak:Correction	peer-reviewed version	https://pubmed.ncbi.nlm.nih.gov/pmid32358960
305	2020.04.14.041228	pmid32442105	outbreak:Correction	peer-reviewed version	https://pubmed.ncbi.nlm.nih.gov/pmid32442105
306	2020.03.29.20046557	pmid32472043	outbreak:Correction	peer-reviewed version	https://pubmed.ncbi.nlm.nih.gov/pmid32472043
307	2020.01.28.20019299	pmid32053479	outbreak:Correction	peer-reviewed version	https://pubmed.ncbi.nlm.nih.gov/pmid32053479
308	2020.04.20.20071423	pmid32427334	outbreak:Correction	peer-reviewed version	https://pubmed.ncbi.nlm.nih.gov/pmid32427334
309	2020.03.23.20039362	pmid32377375	outbreak:Correction	peer-reviewed version	https://pubmed.ncbi.nlm.nih.gov/pmid32377375
310	2020.01.23.917351	pmid32019669	outbreak:Correction	peer-reviewed version	https://pubmed.ncbi.nlm.nih.gov/pmid32019669
311	2020.03.07.20031575	pmid32293449	outbreak:Correction	peer-reviewed version	https://pubmed.ncbi.nlm.nih.gov/pmid32293449
312	2020.04.16.20068411	pmid32490853	outbreak:Correction	peer-reviewed version	https://pubmed.ncbi.nlm.nih.gov/pmid32490853
313	2020.05.04.20090845	pmid32558360	outbreak:Correction	peer-reviewed version	https://pubmed.ncbi.nlm.nih.gov/pmid32558360
314	2020.02.21.20026187	pmid32301745	outbreak:Correction	peer-reviewed version	https://pubmed.ncbi.nlm.nih.gov/pmid32301745
315	2020.04.04.20052308	pmid32517845	outbreak:Correction	peer-reviewed version	https://pubmed.ncbi.nlm.nih.gov/pmid32517845
316	2020.04.21.052209	pmid32651113	outbreak:Correction	peer-reviewed version	https://pubmed.ncbi.nlm.nih.gov/pmid32651113
317	2020.02.19.20025155	pmid32530929	outbreak:Correction	peer-reviewed version	https://pubmed.ncbi.nlm.nih.gov/pmid32530929
318	2020.03.25.20043364	pmid32628131	outbreak:Correction	peer-reviewed version	https://pubmed.ncbi.nlm.nih.gov/pmid32628131
319	2020.03.08.20032946	pmid32234805	outbreak:Correction	peer-reviewed version	https://pubmed.ncbi.nlm.nih.gov/pmid32234805
320	2020.04.11.20059170	pmid32453877	outbreak:Correction	peer-reviewed version	https://pubmed.ncbi.nlm.nih.gov/pmid32453877
321	2020.02.03.20020263	pmid32194980	outbreak:Correction	peer-reviewed version	https://pubmed.ncbi.nlm.nih.gov/pmid32194980
322	2020.03.24.20040162	pmid32633729	outbreak:Correction	peer-reviewed version	https://pubmed.ncbi.nlm.nih.gov/pmid32633729
323	2020.03.19.20032532	pmid32407411	outbreak:Correction	peer-reviewed version	https://pubmed.ncbi.nlm.nih.gov/pmid32407411
324	2020.01.24.915157	pmid31994738	outbreak:Correction	peer-reviewed version	https://pubmed.ncbi.nlm.nih.gov/pmid31994738
325	2020.04.14.20064949	pmid32353991	outbreak:Correction	peer-reviewed version	https://pubmed.ncbi.nlm.nih.gov/pmid32353991
326	2020.05.06.20093575	pmid32513858	outbreak:Correction	peer-reviewed version	https://pubmed.ncbi.nlm.nih.gov/pmid32513858
327	2020.04.07.20045617	pmid32574342	outbreak:Correction	peer-reviewed version	https://pubmed.ncbi.nlm.nih.gov/pmid32574342
328	2020.05.28.121533	pmid32645326	outbreak:Correction	peer-reviewed version	https://pubmed.ncbi.nlm.nih.gov/pmid32645326
329	2020.02.05.935072	pmid32517882	outbreak:Correction	peer-reviewed version	https://pubmed.ncbi.nlm.nih.gov/pmid32517882
330	2020.05.08.20095174	pmid32597048	outbreak:Correction	peer-reviewed version	https://pubmed.ncbi.nlm.nih.gov/pmid32597048
331	2020.03.12.988865	pmid32330414	outbreak:Correction	peer-reviewed version	https://pubmed.ncbi.nlm.nih.gov/pmid32330414
332	2020.04.23.20076455	pmid32387671	outbreak:Correction	peer-reviewed version	https://pubmed.ncbi.nlm.nih.gov/pmid32387671
333	2020.04.17.20069526	pmid32418307	outbreak:Correction	peer-reviewed version	https://pubmed.ncbi.nlm.nih.gov/pmid32418307
334	2020.02.25.20027664	pmid32217650	outbreak:Correction	peer-reviewed version	https://pubmed.ncbi.nlm.nih.gov/pmid32217650
335	2020.03.02.20028704	pmid32417744	outbreak:Correction	peer-reviewed version	https://pubmed.ncbi.nlm.nih.gov/pmid32417744
336	2020.02.15.20023234	pmid32365703	outbreak:Correction	peer-reviewed version	https://pubmed.ncbi.nlm.nih.gov/pmid32365703
337	2020.04.17.20053157	pmid32604404	outbreak:Correction	peer-reviewed version	https://pubmed.ncbi.nlm.nih.gov/pmid32604404
338	2020.05.05.20091728	pmid32594170	outbreak:Correction	peer-reviewed version	https://pubmed.ncbi.nlm.nih.gov/pmid32594170
339	2020.04.17.046375	pmid32376603	outbreak:Correction	peer-reviewed version	https://pubmed.ncbi.nlm.nih.gov/pmid32376603
340	2020.05.14.20102491	pmid32559180	outbreak:Correction	peer-reviewed version	https://pubmed.ncbi.nlm.nih.gov/pmid32559180
341	2020.05.11.20097790	pmid32586323	outbreak:Correction	peer-reviewed version	https://pubmed.ncbi.nlm.nih.gov/pmid32586323
342	2020.02.08.20021162	pmid32119825	outbreak:Correction	peer-reviewed version	https://pubmed.ncbi.nlm.nih.gov/pmid32119825
343	2020.04.06.20055863	pmid32342242	outbreak:Correction	peer-reviewed version	https://pubmed.ncbi.nlm.nih.gov/pmid32342242
344	2020.06.17.20133702	pmid32589146	outbreak:Correction	peer-reviewed version	https://pubmed.ncbi.nlm.nih.gov/pmid32589146
345	2020.04.20.20072702	pmid32517963	outbreak:Correction	peer-reviewed version	https://pubmed.ncbi.nlm.nih.gov/pmid32517963
346	2020.02.08.939660	pmid32376697	outbreak:Correction	peer-reviewed version	https://pubmed.ncbi.nlm.nih.gov/pmid32376697
347	2020.03.19.997890	pmid32253226	outbreak:Correction	peer-reviewed version	https://pubmed.ncbi.nlm.nih.gov/pmid32253226
348	2020.05.07.20093807	pmid32560572	outbreak:Correction	peer-reviewed version	https://pubmed.ncbi.nlm.nih.gov/pmid32560572
349	2020.02.22.20026617	pmid32382737	outbreak:Correction	peer-reviewed version	https://pubmed.ncbi.nlm.nih.gov/pmid32382737
350	2020.03.23.20041707	pmid32430429	outbreak:Correction	peer-reviewed version	https://pubmed.ncbi.nlm.nih.gov/pmid32430429
351	2020.04.21.20064147	pmid32650409	outbreak:Correction	peer-reviewed version	https://pubmed.ncbi.nlm.nih.gov/pmid32650409
352	2020.05.19.20105460	pmid32504743	outbreak:Correction	peer-reviewed version	https://pubmed.ncbi.nlm.nih.gov/pmid32504743
353	2020.04.09.20059626	pmid32329756	outbreak:Correction	peer-reviewed version	https://pubmed.ncbi.nlm.nih.gov/pmid32329756
354	2020.04.06.20042580	pmid32574262	outbreak:Correction	peer-reviewed version	https://pubmed.ncbi.nlm.nih.gov/pmid32574262
355	2020.03.24.20042705	pmid32269018	outbreak:Correction	peer-reviewed version	https://pubmed.ncbi.nlm.nih.gov/pmid32269018
356	2020.04.28.20083758	pmid32470164	outbreak:Correction	peer-reviewed version	https://pubmed.ncbi.nlm.nih.gov/pmid32470164
357	2020.03.04.20029538	pmid32578378	outbreak:Correction	peer-reviewed version	https://pubmed.ncbi.nlm.nih.gov/pmid32578378
358	2020.04.07.20052340	pmid32574315	outbreak:Correction	peer-reviewed version	https://pubmed.ncbi.nlm.nih.gov/pmid32574315
359	2020.04.16.043273	pmid32425659	outbreak:Correction	peer-reviewed version	https://pubmed.ncbi.nlm.nih.gov/pmid32425659
360	2020.05.11.20097808	pmid32532753	outbreak:Correction	peer-reviewed version	https://pubmed.ncbi.nlm.nih.gov/pmid32532753
361	2020.03.20.20039024	pmid32392377	outbreak:Correction	peer-reviewed version	https://pubmed.ncbi.nlm.nih.gov/pmid32392377
362	2020.05.01.20077743	pmid32404477	outbreak:Correction	peer-reviewed version	https://pubmed.ncbi.nlm.nih.gov/pmid32404477
363	2020.03.25.20043828	pmid32386545	outbreak:Correction	peer-reviewed version	https://pubmed.ncbi.nlm.nih.gov/pmid32386545
364	2020.03.07.20031393	pmid32502034	outbreak:Correction	peer-reviewed version	https://pubmed.ncbi.nlm.nih.gov/pmid32502034
365	2020.03.13.20035568	pmid32240094	outbreak:Correction	peer-reviewed version	https://pubmed.ncbi.nlm.nih.gov/pmid32240094
366	2020.04.23.057265	pmid32531208	outbreak:Correction	peer-reviewed version	https://pubmed.ncbi.nlm.nih.gov/pmid32531208
367	2020.01.28.20019224	pmid32091395	outbreak:Correction	peer-reviewed version	https://pubmed.ncbi.nlm.nih.gov/pmid32091395
368	2020.04.08.032763	pmid32358203	outbreak:Correction	peer-reviewed version	https://pubmed.ncbi.nlm.nih.gov/pmid32358203
369	2020.01.24.919159	pmid32054124	outbreak:Correction	peer-reviewed version	https://pubmed.ncbi.nlm.nih.gov/pmid32054124
370	2020.03.27.20044974	pmid32574340	outbreak:Correction	peer-reviewed version	https://pubmed.ncbi.nlm.nih.gov/pmid32574340
371	2020.03.26.20040709	pmid32383183	outbreak:Correction	peer-reviewed version	https://pubmed.ncbi.nlm.nih.gov/pmid32383183
372	2020.04.29.20085787	pmid32542337	outbreak:Correction	peer-reviewed version	https://pubmed.ncbi.nlm.nih.gov/pmid32542337
373	2020.03.24.20043018	pmid32546824	outbreak:Correction	peer-reviewed version	https://pubmed.ncbi.nlm.nih.gov/pmid32546824
374	2020.04.07.20054585	pmid32492406	outbreak:Correction	peer-reviewed version	https://pubmed.ncbi.nlm.nih.gov/pmid32492406
375	2020.02.03.932350	pmid32330208	outbreak:Correction	peer-reviewed version	https://pubmed.ncbi.nlm.nih.gov/pmid32330208
376	2020.04.07.20056788	pmid32485082	outbreak:Correction	peer-reviewed version	https://pubmed.ncbi.nlm.nih.gov/pmid32485082
377	2020.01.27.20018986	pmid32046819	outbreak:Correction	peer-reviewed version	https://pubmed.ncbi.nlm.nih.gov/pmid32046819
378	2020.05.07.20093674	pmid32615936	outbreak:Correction	peer-reviewed version	https://pubmed.ncbi.nlm.nih.gov/pmid32615936
379	2020.05.03.066266	pmid32615316	outbreak:Correction	peer-reviewed version	https://pubmed.ncbi.nlm.nih.gov/pmid32615316
380	2020.02.08.20021253	pmid32460229	outbreak:Correction	peer-reviewed version	https://pubmed.ncbi.nlm.nih.gov/pmid32460229
381	2020.04.16.20068379	pmid32438446	outbreak:Correction	peer-reviewed version	https://pubmed.ncbi.nlm.nih.gov/pmid32438446
382	2020.04.30.20086116	pmid32410236	outbreak:Correction	peer-reviewed version	https://pubmed.ncbi.nlm.nih.gov/pmid32410236
383	2020.02.29.20029520	pmid32301997	outbreak:Correction	peer-reviewed version	https://pubmed.ncbi.nlm.nih.gov/pmid32301997
384	2020.03.02.20030312	pmid32334115	outbreak:Correction	peer-reviewed version	https://pubmed.ncbi.nlm.nih.gov/pmid32334115
385	2020.04.20.20072629	pmid32534143	outbreak:Correction	peer-reviewed version	https://pubmed.ncbi.nlm.nih.gov/pmid32534143
386	2020.03.13.990226	pmid32616673	outbreak:Correction	peer-reviewed version	https://pubmed.ncbi.nlm.nih.gov/pmid32616673
387	2020.01.31.928796	pmid32108862	outbreak:Correction	peer-reviewed version	https://pubmed.ncbi.nlm.nih.gov/pmid32108862
388	2020.05.18.20105494	pmid32614385	outbreak:Correction	peer-reviewed version	https://pubmed.ncbi.nlm.nih.gov/pmid32614385
389	2020.03.17.20037671	pmid32617266	outbreak:Correction	peer-reviewed version	https://pubmed.ncbi.nlm.nih.gov/pmid32617266
390	2020.02.17.952903	pmid32290077	outbreak:Correction	peer-reviewed version	https://pubmed.ncbi.nlm.nih.gov/pmid32290077
391	2020.03.12.20034686	pmid32544155	outbreak:Correction	peer-reviewed version	https://pubmed.ncbi.nlm.nih.gov/pmid32544155
392	2020.02.18.20024539	pmid32108351	outbreak:Correction	peer-reviewed version	https://pubmed.ncbi.nlm.nih.gov/pmid32108351
393	2020.02.16.20023903	pmid32217835	outbreak:Correction	peer-reviewed version	https://pubmed.ncbi.nlm.nih.gov/pmid32217835
394	2020.05.19.105445	pmid32580948	outbreak:Correction	peer-reviewed version	https://pubmed.ncbi.nlm.nih.gov/pmid32580948
395	2020.04.23.20077156	pmid32632160	outbreak:Correction	peer-reviewed version	https://pubmed.ncbi.nlm.nih.gov/pmid32632160
396	2020.03.09.983064	pmid32276051	outbreak:Correction	peer-reviewed version	https://pubmed.ncbi.nlm.nih.gov/pmid32276051
397	2020.04.22.20075671	pmid32463348	outbreak:Correction	peer-reviewed version	https://pubmed.ncbi.nlm.nih.gov/pmid32463348
398	2020.04.22.055897	pmid32610037	outbreak:Correction	peer-reviewed version	https://pubmed.ncbi.nlm.nih.gov/pmid32610037
399	2020.02.29.20029322	pmid32169498	outbreak:Correction	peer-reviewed version	https://pubmed.ncbi.nlm.nih.gov/pmid32169498
400	2020.04.14.041459	pmid32653452	outbreak:Correction	peer-reviewed version	https://pubmed.ncbi.nlm.nih.gov/pmid32653452
401	2020.02.12.946087	pmid32183941	outbreak:Correction	peer-reviewed version	https://pubmed.ncbi.nlm.nih.gov/pmid32183941
402	2020.04.22.054981	pmid32532094	outbreak:Correction	peer-reviewed version	https://pubmed.ncbi.nlm.nih.gov/pmid32532094
403	2020.01.21.914929	pmid32284379	outbreak:Correction	peer-reviewed version	https://pubmed.ncbi.nlm.nih.gov/pmid32284379
404	2020.03.03.20028423	pmid32353347	outbreak:Correction	peer-reviewed version	https://pubmed.ncbi.nlm.nih.gov/pmid32353347
405	2020.05.04.20090316	pmid32546654	outbreak:Correction	peer-reviewed version	https://pubmed.ncbi.nlm.nih.gov/pmid32546654
406	2020.04.17.20070045	pmid32422408	outbreak:Correction	peer-reviewed version	https://pubmed.ncbi.nlm.nih.gov/pmid32422408
407	2020.03.07.20032672	pmid32530494	outbreak:Correction	peer-reviewed version	https://pubmed.ncbi.nlm.nih.gov/pmid32530494
408	2020.04.01.20050443	pmid32368894	outbreak:Correction	peer-reviewed version	https://pubmed.ncbi.nlm.nih.gov/pmid32368894
409	2020.04.26.20079418	pmid32622380	outbreak:Correction	peer-reviewed version	https://pubmed.ncbi.nlm.nih.gov/pmid32622380
410	2020.04.17.046193	pmid32619390	outbreak:Correction	peer-reviewed version	https://pubmed.ncbi.nlm.nih.gov/pmid32619390
411	2020.05.11.089862	pmid32485620	outbreak:Correction	peer-reviewed version	https://pubmed.ncbi.nlm.nih.gov/pmid32485620
412	2020.03.05.20031815	pmid32372755	outbreak:Correction	peer-reviewed version	https://pubmed.ncbi.nlm.nih.gov/pmid32372755
413	2020.04.05.20054403	pmid32400361	outbreak:Correction	peer-reviewed version	https://pubmed.ncbi.nlm.nih.gov/pmid32400361
414	2020.04.27.20080226	pmid32454187	outbreak:Correction	peer-reviewed version	https://pubmed.ncbi.nlm.nih.gov/pmid32454187
415	2020.05.12.091918	pmid32513867	outbreak:Correction	peer-reviewed version	https://pubmed.ncbi.nlm.nih.gov/pmid32513867
416	2020.03.11.20034546	pmid32360881	outbreak:Correction	peer-reviewed version	https://pubmed.ncbi.nlm.nih.gov/pmid32360881
417	2020.04.30.20086082	pmid32558947	outbreak:Correction	peer-reviewed version	https://pubmed.ncbi.nlm.nih.gov/pmid32558947
418	2020.04.27.20081737	pmid32501374	outbreak:Correction	peer-reviewed version	https://pubmed.ncbi.nlm.nih.gov/pmid32501374
419	2020.03.22.20040600	pmid32303592	outbreak:Correction	peer-reviewed version	https://pubmed.ncbi.nlm.nih.gov/pmid32303592
420	2020.03.17.20037515	pmid32296824	outbreak:Correction	peer-reviewed version	https://pubmed.ncbi.nlm.nih.gov/pmid32296824
421	2020.02.22.20026500	pmid32275288	outbreak:Correction	peer-reviewed version	https://pubmed.ncbi.nlm.nih.gov/pmid32275288
422	2020.04.22.20076117	pmid32587063	outbreak:Correction	peer-reviewed version	https://pubmed.ncbi.nlm.nih.gov/pmid32587063
423	2020.02.29.20029462	pmid32223012	outbreak:Correction	peer-reviewed version	https://pubmed.ncbi.nlm.nih.gov/pmid32223012
424	2020.05.14.20102475	pmid32618260	outbreak:Correction	peer-reviewed version	https://pubmed.ncbi.nlm.nih.gov/pmid32618260
425	2020.05.09.20096818	pmid32656001	outbreak:Correction	peer-reviewed version	https://pubmed.ncbi.nlm.nih.gov/pmid32656001
426	2020.03.30.20043612	pmid32349259	outbreak:Correction	peer-reviewed version	https://pubmed.ncbi.nlm.nih.gov/pmid32349259
427	2020.03.18.20038570	pmid32435645	outbreak:Correction	peer-reviewed version	https://pubmed.ncbi.nlm.nih.gov/pmid32435645
428	2020.02.05.20020750	pmid32330410	outbreak:Correction	peer-reviewed version	https://pubmed.ncbi.nlm.nih.gov/pmid32330410
429	2020.03.18.20038125	pmid32539988	outbreak:Correction	peer-reviewed version	https://pubmed.ncbi.nlm.nih.gov/pmid32539988
430	2020.03.02.973255	pmid32596474	outbreak:Correction	peer-reviewed version	https://pubmed.ncbi.nlm.nih.gov/pmid32596474
431	2020.02.21.959817	pmid32365353	outbreak:Correction	peer-reviewed version	https://pubmed.ncbi.nlm.nih.gov/pmid32365353
432	2020.05.12.088716	pmid32540902	outbreak:Correction	peer-reviewed version	https://pubmed.ncbi.nlm.nih.gov/pmid32540902
433	2020.04.29.069476	pmid32452762	outbreak:Correction	peer-reviewed version	https://pubmed.ncbi.nlm.nih.gov/pmid32452762
434	2020.03.04.20031005	pmid32409826	outbreak:Correction	peer-reviewed version	https://pubmed.ncbi.nlm.nih.gov/pmid32409826
435	2020.05.08.083964	pmid32571838	outbreak:Correction	peer-reviewed version	https://pubmed.ncbi.nlm.nih.gov/pmid32571838
436	2020.02.18.20023242	pmid32247631	outbreak:Correction	peer-reviewed version	https://pubmed.ncbi.nlm.nih.gov/pmid32247631
437	2020.04.07.029884	pmid32659292	outbreak:Correction	peer-reviewed version	https://pubmed.ncbi.nlm.nih.gov/pmid32659292
438	2020.05.05.079202	pmid32585135	outbreak:Correction	peer-reviewed version	https://pubmed.ncbi.nlm.nih.gov/pmid32585135
439	2020.04.21.054015	pmid32404436	outbreak:Correction	peer-reviewed version	https://pubmed.ncbi.nlm.nih.gov/pmid32404436
440	2020.03.27.20045807	pmid32407409	outbreak:Correction	peer-reviewed version	https://pubmed.ncbi.nlm.nih.gov/pmid32407409
441	2020.02.23.20026864	pmid32411652	outbreak:Correction	peer-reviewed version	https://pubmed.ncbi.nlm.nih.gov/pmid32411652
442	2020.02.19.20025239	pmid32251805	outbreak:Correction	peer-reviewed version	https://pubmed.ncbi.nlm.nih.gov/pmid32251805
443	2020.03.14.20035980	pmid32265003	outbreak:Correction	peer-reviewed version	https://pubmed.ncbi.nlm.nih.gov/pmid32265003
444	2020.03.02.20030320	pmid32171951	outbreak:Correction	peer-reviewed version	https://pubmed.ncbi.nlm.nih.gov/pmid32171951
445	2020.03.15.20035360	pmid32451563	outbreak:Correction	peer-reviewed version	https://pubmed.ncbi.nlm.nih.gov/pmid32451563
446	2020.03.12.20034736	pmid32460357	outbreak:Correction	peer-reviewed version	https://pubmed.ncbi.nlm.nih.gov/pmid32460357
447	2020.04.05.20054528	pmid32400358	outbreak:Correction	peer-reviewed version	https://pubmed.ncbi.nlm.nih.gov/pmid32400358
448	2020.04.28.20073767	pmid32394344	outbreak:Correction	peer-reviewed version	https://pubmed.ncbi.nlm.nih.gov/pmid32394344
449	2020.04.17.20069930	pmid32514174	outbreak:Correction	peer-reviewed version	https://pubmed.ncbi.nlm.nih.gov/pmid32514174
450	2020.04.08.20057919	pmid32424571	outbreak:Correction	peer-reviewed version	https://pubmed.ncbi.nlm.nih.gov/pmid32424571
451	2020.05.23.20111369	pmid32650645	outbreak:Correction	peer-reviewed version	https://pubmed.ncbi.nlm.nih.gov/pmid32650645
452	2020.02.04.20020339	pmid32302377	outbreak:Correction	peer-reviewed version	https://pubmed.ncbi.nlm.nih.gov/pmid32302377
453	2020.03.24.005702	pmid32463365	outbreak:Correction	peer-reviewed version	https://pubmed.ncbi.nlm.nih.gov/pmid32463365
454	2020.03.09.20033050	pmid32220655	outbreak:Correction	peer-reviewed version	https://pubmed.ncbi.nlm.nih.gov/pmid32220655
455	2020.04.07.030924	pmid32502733	outbreak:Correction	peer-reviewed version	https://pubmed.ncbi.nlm.nih.gov/pmid32502733
456	2020.03.22.20038919	pmid32339844	outbreak:Correction	peer-reviewed version	https://pubmed.ncbi.nlm.nih.gov/pmid32339844
457	2020.03.01.20029769	pmid32428990	outbreak:Correction	peer-reviewed version	https://pubmed.ncbi.nlm.nih.gov/pmid32428990
458	2020.04.19.20054262	pmid32526193	outbreak:Correction	peer-reviewed version	https://pubmed.ncbi.nlm.nih.gov/pmid32526193
459	2020.04.07.20056234	pmid32388471	outbreak:Correction	peer-reviewed version	https://pubmed.ncbi.nlm.nih.gov/pmid32388471
460	2020.05.02.20080879	pmid32603801	outbreak:Correction	peer-reviewed version	https://pubmed.ncbi.nlm.nih.gov/pmid32603801
461	2020.04.02.022764	pmid32360182	outbreak:Correction	peer-reviewed version	https://pubmed.ncbi.nlm.nih.gov/pmid32360182
462	2020.04.09.20057901	pmid32403007	outbreak:Correction	peer-reviewed version	https://pubmed.ncbi.nlm.nih.gov/pmid32403007
463	2020.04.26.20080242	pmid32526655	outbreak:Correction	peer-reviewed version	https://pubmed.ncbi.nlm.nih.gov/pmid32526655
464	2020.03.05.20031088	pmid32445710	outbreak:Correction	peer-reviewed version	https://pubmed.ncbi.nlm.nih.gov/pmid32445710
465	2020.04.01.20050138	pmid32594937	outbreak:Correction	peer-reviewed version	https://pubmed.ncbi.nlm.nih.gov/pmid32594937
466	2020.03.09.20033241	pmid32374400	outbreak:Correction	peer-reviewed version	https://pubmed.ncbi.nlm.nih.gov/pmid32374400
467	2020.03.26.009233	pmid32376627	outbreak:Correction	peer-reviewed version	https://pubmed.ncbi.nlm.nih.gov/pmid32376627
468	2020.05.26.20113258	pmid32658859	outbreak:Correction	peer-reviewed version	https://pubmed.ncbi.nlm.nih.gov/pmid32658859
469	2020.02.10.20021584	pmid32434518	outbreak:Correction	peer-reviewed version	https://pubmed.ncbi.nlm.nih.gov/pmid32434518
470	2020.03.15.20036426	pmid32408453	outbreak:Correction	peer-reviewed version	https://pubmed.ncbi.nlm.nih.gov/pmid32408453
471	2020.03.15.992438	pmid32547891	outbreak:Correction	peer-reviewed version	https://pubmed.ncbi.nlm.nih.gov/pmid32547891
472	2020.01.30.20019844	pmid32234804	outbreak:Correction	peer-reviewed version	https://pubmed.ncbi.nlm.nih.gov/pmid32234804
473	2020.03.31.20048967	pmid32369759	outbreak:Correction	peer-reviewed version	https://pubmed.ncbi.nlm.nih.gov/pmid32369759
474	2020.03.21.20031336	pmid32552016	outbreak:Correction	peer-reviewed version	https://pubmed.ncbi.nlm.nih.gov/pmid32552016
475	2020.04.28.20074187	pmid32627200	outbreak:Correction	peer-reviewed version	https://pubmed.ncbi.nlm.nih.gov/pmid32627200
476	2020.02.26.20028167	pmid32614817	outbreak:Correction	peer-reviewed version	https://pubmed.ncbi.nlm.nih.gov/pmid32614817
477	2020.03.30.20048108	pmid32651556	outbreak:Correction	peer-reviewed version	https://pubmed.ncbi.nlm.nih.gov/pmid32651556
478	2020.03.21.20040261	pmid32526012	outbreak:Correction	peer-reviewed version	https://pubmed.ncbi.nlm.nih.gov/pmid32526012
479	2020.03.08.20032821	pmid32495918	outbreak:Correction	peer-reviewed version	https://pubmed.ncbi.nlm.nih.gov/pmid32495918
480	2020.03.30.20043513	pmid32344319	outbreak:Correction	peer-reviewed version	https://pubmed.ncbi.nlm.nih.gov/pmid32344319
481	2020.05.11.088674	pmid32540903	outbreak:Correction	peer-reviewed version	https://pubmed.ncbi.nlm.nih.gov/pmid32540903
482	2020.02.17.20024018	pmid32239761	outbreak:Correction	peer-reviewed version	https://pubmed.ncbi.nlm.nih.gov/pmid32239761
483	2020.04.20.20072413	pmid32404476	outbreak:Correction	peer-reviewed version	https://pubmed.ncbi.nlm.nih.gov/pmid32404476
484	2020.02.13.20022822	pmid32183920	outbreak:Correction	peer-reviewed version	https://pubmed.ncbi.nlm.nih.gov/pmid32183920
485	2020.03.05.20031773	pmid32234121	outbreak:Correction	peer-reviewed version	https://pubmed.ncbi.nlm.nih.gov/pmid32234121
486	2020.02.14.20023036	pmid32576605	outbreak:Correction	peer-reviewed version	https://pubmed.ncbi.nlm.nih.gov/pmid32576605
487	2020.05.07.20073981	pmid32462545	outbreak:Correction	peer-reviewed version	https://pubmed.ncbi.nlm.nih.gov/pmid32462545
488	2020.05.06.20073742	pmid32456346	outbreak:Correction	peer-reviewed version	https://pubmed.ncbi.nlm.nih.gov/pmid32456346
489	2020.03.26.009605	pmid32575076	outbreak:Correction	peer-reviewed version	https://pubmed.ncbi.nlm.nih.gov/pmid32575076
490	2020.04.17.20069864	pmid32341143	outbreak:Correction	peer-reviewed version	https://pubmed.ncbi.nlm.nih.gov/pmid32341143
491	2020.04.12.20062604	pmid32425003	outbreak:Correction	peer-reviewed version	https://pubmed.ncbi.nlm.nih.gov/pmid32425003
492	2020.06.21.20136903	pmid32621392	outbreak:Correction	peer-reviewed version	https://pubmed.ncbi.nlm.nih.gov/pmid32621392
493	2020.04.05.20054700	pmid32546823	outbreak:Correction	peer-reviewed version	https://pubmed.ncbi.nlm.nih.gov/pmid32546823
494	2020.03.23.20041319	pmid32330458	outbreak:Correction	peer-reviewed version	https://pubmed.ncbi.nlm.nih.gov/pmid32330458
495	2020.02.25.965434	pmid32621841	outbreak:Correction	peer-reviewed version	https://pubmed.ncbi.nlm.nih.gov/pmid32621841
496	2020.04.09.20058941	pmid32619760	outbreak:Correction	peer-reviewed version	https://pubmed.ncbi.nlm.nih.gov/pmid32619760
497	2020.03.17.995639	pmid32303590	outbreak:Correction	peer-reviewed version	https://pubmed.ncbi.nlm.nih.gov/pmid32303590
498	2020.05.10.20076414	pmid32585830	outbreak:Correction	peer-reviewed version	https://pubmed.ncbi.nlm.nih.gov/pmid32585830
499	2020.04.01.20049908	pmid32502389	outbreak:Correction	peer-reviewed version	https://pubmed.ncbi.nlm.nih.gov/pmid32502389
500	2020.04.22.055608	pmid32647131	outbreak:Correction	peer-reviewed version	https://pubmed.ncbi.nlm.nih.gov/pmid32647131
501	2020.02.18.20024414	pmid32269067	outbreak:Correction	peer-reviewed version	https://pubmed.ncbi.nlm.nih.gov/pmid32269067
502	2020.03.26.20044693	pmid32554901	outbreak:Correction	peer-reviewed version	https://pubmed.ncbi.nlm.nih.gov/pmid32554901
503	2020.02.13.20022707	pmid32246905	outbreak:Correction	peer-reviewed version	https://pubmed.ncbi.nlm.nih.gov/pmid32246905
504	2020.04.03.20052787	pmid32423996	outbreak:Correction	peer-reviewed version	https://pubmed.ncbi.nlm.nih.gov/pmid32423996
505	2020.03.01.20029801	pmid32456689	outbreak:Correction	peer-reviewed version	https://pubmed.ncbi.nlm.nih.gov/pmid32456689
506	2020.03.13.991307	pmid32353252	outbreak:Correction	peer-reviewed version	https://pubmed.ncbi.nlm.nih.gov/pmid32353252
507	2020.02.01.929976	pmid32332765	outbreak:Correction	peer-reviewed version	https://pubmed.ncbi.nlm.nih.gov/pmid32332765
508	2020.03.08.982637	pmid32340022	outbreak:Correction	peer-reviewed version	https://pubmed.ncbi.nlm.nih.gov/pmid32340022
509	2020.05.08.085506	pmid32510168	outbreak:Correction	peer-reviewed version	https://pubmed.ncbi.nlm.nih.gov/pmid32510168
510	2020.03.02.974139	pmid32416074	outbreak:Correction	peer-reviewed version	https://pubmed.ncbi.nlm.nih.gov/pmid32416074
511	2020.05.14.20102079	pmid32620178	outbreak:Correction	peer-reviewed version	https://pubmed.ncbi.nlm.nih.gov/pmid32620178
512	2020.04.13.20063198	pmid32437822	outbreak:Correction	peer-reviewed version	https://pubmed.ncbi.nlm.nih.gov/pmid32437822
513	2020.03.20.999029	pmid32434888	outbreak:Correction	peer-reviewed version	https://pubmed.ncbi.nlm.nih.gov/pmid32434888
514	2020.01.26.20018887	pmid32120913	outbreak:Correction	peer-reviewed version	https://pubmed.ncbi.nlm.nih.gov/pmid32120913
515	2020.03.25.006569	pmid32366025	outbreak:Correction	peer-reviewed version	https://pubmed.ncbi.nlm.nih.gov/pmid32366025
516	2020.05.01.072330	pmid32581081	outbreak:Correction	peer-reviewed version	https://pubmed.ncbi.nlm.nih.gov/pmid32581081
517	2020.03.29.20039529	pmid32361996	outbreak:Correction	peer-reviewed version	https://pubmed.ncbi.nlm.nih.gov/pmid32361996
518	2020.03.13.991570	pmid32245784	outbreak:Correction	peer-reviewed version	https://pubmed.ncbi.nlm.nih.gov/pmid32245784
519	2020.04.06.028902	pmid32416598	outbreak:Correction	peer-reviewed version	https://pubmed.ncbi.nlm.nih.gov/pmid32416598
520	2020.03.17.20037788	pmid32408508	outbreak:Correction	peer-reviewed version	https://pubmed.ncbi.nlm.nih.gov/pmid32408508
521	2020.02.17.951335	pmid32380510	outbreak:Correction	peer-reviewed version	https://pubmed.ncbi.nlm.nih.gov/pmid32380510
522	2020.03.19.20039107	pmid32350060	outbreak:Correction	peer-reviewed version	https://pubmed.ncbi.nlm.nih.gov/pmid32350060
523	2020.03.18.20038018	pmid32350462	outbreak:Correction	peer-reviewed version	https://pubmed.ncbi.nlm.nih.gov/pmid32350462
524	2020.02.27.20028639	pmid32219006	outbreak:Correction	peer-reviewed version	https://pubmed.ncbi.nlm.nih.gov/pmid32219006
525	2020.05.01.20053413	pmid32616597	outbreak:Correction	peer-reviewed version	https://pubmed.ncbi.nlm.nih.gov/pmid32616597
526	2020.05.03.20084160	pmid32553061	outbreak:Correction	peer-reviewed version	https://pubmed.ncbi.nlm.nih.gov/pmid32553061
527	2020.03.16.993584	pmid32605661	outbreak:Correction	peer-reviewed version	https://pubmed.ncbi.nlm.nih.gov/pmid32605661
528	2020.05.02.20088484	pmid32430957	outbreak:Correction	peer-reviewed version	https://pubmed.ncbi.nlm.nih.gov/pmid32430957
529	2020.05.19.20106344	pmid32497776	outbreak:Correction	peer-reviewed version	https://pubmed.ncbi.nlm.nih.gov/pmid32497776
530	2020.03.03.20029843	pmid32365354	outbreak:Correction	peer-reviewed version	https://pubmed.ncbi.nlm.nih.gov/pmid32365354
531	2020.03.12.20034660	pmid32311320	outbreak:Correction	peer-reviewed version	https://pubmed.ncbi.nlm.nih.gov/pmid32311320
532	2020.04.23.20077024	pmid32559451	outbreak:Correction	peer-reviewed version	https://pubmed.ncbi.nlm.nih.gov/pmid32559451
533	2020.03.25.996348	pmid32321856	outbreak:Correction	peer-reviewed version	https://pubmed.ncbi.nlm.nih.gov/pmid32321856
534	2020.03.06.20032334	pmid32300245	outbreak:Correction	peer-reviewed version	https://pubmed.ncbi.nlm.nih.gov/pmid32300245
535	2020.04.24.060376	pmid32374457	outbreak:Correction	peer-reviewed version	https://pubmed.ncbi.nlm.nih.gov/pmid32374457
536	2020.03.09.20033357	pmid32240634	outbreak:Correction	peer-reviewed version	https://pubmed.ncbi.nlm.nih.gov/pmid32240634
537	2020.03.23.20041673	pmid32527255	outbreak:Correction	peer-reviewed version	https://pubmed.ncbi.nlm.nih.gov/pmid32527255
538	2020.02.18.954628	pmid32407364	outbreak:Correction	peer-reviewed version	https://pubmed.ncbi.nlm.nih.gov/pmid32407364
539	2020.04.23.20076042	pmid32444460	outbreak:Correction	peer-reviewed version	https://pubmed.ncbi.nlm.nih.gov/pmid32444460
540	2020.04.01.20050542	pmid32571980	outbreak:Correction	peer-reviewed version	https://pubmed.ncbi.nlm.nih.gov/pmid32571980
541	2020.02.19.956581	pmid32155444	outbreak:Correction	peer-reviewed version	https://pubmed.ncbi.nlm.nih.gov/pmid32155444
542	2020.04.28.20082586	pmid32522738	outbreak:Correction	peer-reviewed version	https://pubmed.ncbi.nlm.nih.gov/pmid32522738
543	2020.04.12.20062646	pmid32418288	outbreak:Correction	peer-reviewed version	https://pubmed.ncbi.nlm.nih.gov/pmid32418288
544	2020.03.30.20047415	pmid32575078	outbreak:Correction	peer-reviewed version	https://pubmed.ncbi.nlm.nih.gov/pmid32575078
545	2020.05.08.20089268	pmid32513659	outbreak:Correction	peer-reviewed version	https://pubmed.ncbi.nlm.nih.gov/pmid32513659
546	2020.01.29.20019547	pmid32075152	outbreak:Correction	peer-reviewed version	https://pubmed.ncbi.nlm.nih.gov/pmid32075152
547	2020.01.31.20019935	pmid32309796	outbreak:Correction	peer-reviewed version	https://pubmed.ncbi.nlm.nih.gov/pmid32309796
548	2020.03.05.20032003	pmid32430088	outbreak:Correction	peer-reviewed version	https://pubmed.ncbi.nlm.nih.gov/pmid32430088
549	2020.02.19.956235	pmid32225176	outbreak:Correction	peer-reviewed version	https://pubmed.ncbi.nlm.nih.gov/pmid32225176
550	2020.02.26.20026971	pmid32283325	outbreak:Correction	peer-reviewed version	https://pubmed.ncbi.nlm.nih.gov/pmid32283325
551	2020.03.22.20039933	pmid32641758	outbreak:Correction	peer-reviewed version	https://pubmed.ncbi.nlm.nih.gov/pmid32641758
552	2020.04.21.20073833	pmid32442581	outbreak:Correction	peer-reviewed version	https://pubmed.ncbi.nlm.nih.gov/pmid32442581
553	2020.03.17.20036640	pmid32413330	outbreak:Correction	peer-reviewed version	https://pubmed.ncbi.nlm.nih.gov/pmid32413330
554	2020.04.07.20051474	pmid32422057	outbreak:Correction	peer-reviewed version	https://pubmed.ncbi.nlm.nih.gov/pmid32422057
555	2020.03.11.20033159	pmid32276848	outbreak:Correction	peer-reviewed version	https://pubmed.ncbi.nlm.nih.gov/pmid32276848
556	2020.04.27.20081810	pmid32619549	outbreak:Correction	peer-reviewed version	https://pubmed.ncbi.nlm.nih.gov/pmid32619549
557	2020.04.15.20064485	pmid32348380	outbreak:Correction	peer-reviewed version	https://pubmed.ncbi.nlm.nih.gov/pmid32348380
558	2020.03.27.20044925	pmid32513865	outbreak:Correction	peer-reviewed version	https://pubmed.ncbi.nlm.nih.gov/pmid32513865
559	2020.02.07.20021154	pmid32255761	outbreak:Correction	peer-reviewed version	https://pubmed.ncbi.nlm.nih.gov/pmid32255761
560	2020.04.01.20049767	pmid32382154	outbreak:Correction	peer-reviewed version	https://pubmed.ncbi.nlm.nih.gov/pmid32382154
561	2020.04.15.20066431	pmid32609310	outbreak:Correction	peer-reviewed version	https://pubmed.ncbi.nlm.nih.gov/pmid32609310
562	2020.02.04.933135	pmid32200634	outbreak:Correction	peer-reviewed version	https://pubmed.ncbi.nlm.nih.gov/pmid32200634
563	2020.03.28.20045765	pmid32619956	outbreak:Correction	peer-reviewed version	https://pubmed.ncbi.nlm.nih.gov/pmid32619956
564	2020.05.24.20111914	pmid32622888	outbreak:Correction	peer-reviewed version	https://pubmed.ncbi.nlm.nih.gov/pmid32622888
565	2020.03.20.999730	pmid32366720	outbreak:Correction	peer-reviewed version	https://pubmed.ncbi.nlm.nih.gov/pmid32366720
566	2020.02.02.20020016	pmid32150748	outbreak:Correction	peer-reviewed version	https://pubmed.ncbi.nlm.nih.gov/pmid32150748
567	2020.04.08.20058495	pmid32492531	outbreak:Correction	peer-reviewed version	https://pubmed.ncbi.nlm.nih.gov/pmid32492531
568	2020.02.21.20026112	pmid32339715	outbreak:Correction	peer-reviewed version	https://pubmed.ncbi.nlm.nih.gov/pmid32339715
569	2020.05.12.20100040	pmid32560207	outbreak:Correction	peer-reviewed version	https://pubmed.ncbi.nlm.nih.gov/pmid32560207
570	2020.04.15.043166	pmid32516797	outbreak:Correction	peer-reviewed version	https://pubmed.ncbi.nlm.nih.gov/pmid32516797
571	2020.04.19.20071399	pmid32525765	outbreak:Correction	peer-reviewed version	https://pubmed.ncbi.nlm.nih.gov/pmid32525765
572	2020.02.06.20020974	pmid32109013	outbreak:Correction	peer-reviewed version	https://pubmed.ncbi.nlm.nih.gov/pmid32109013
573	2020.03.31.015941	pmid32571797	outbreak:Correction	peer-reviewed version	https://pubmed.ncbi.nlm.nih.gov/pmid32571797
574	2020.04.05.20054494	pmid32409839	outbreak:Correction	peer-reviewed version	https://pubmed.ncbi.nlm.nih.gov/pmid32409839
575	2020.04.20.20072264	pmid32378252	outbreak:Correction	peer-reviewed version	https://pubmed.ncbi.nlm.nih.gov/pmid32378252
576	2020.03.22.002386	pmid32353859	outbreak:Correction	peer-reviewed version	https://pubmed.ncbi.nlm.nih.gov/pmid32353859
577	2020.04.27.065383	pmid32652813	outbreak:Correction	peer-reviewed version	https://pubmed.ncbi.nlm.nih.gov/pmid32652813
578	2020.06.30.20143909	pmid32124990	outbreak:Correction	peer-reviewed version	https://pubmed.ncbi.nlm.nih.gov/pmid32124990
579	2020.05.04.20090951	pmid32361446	outbreak:Correction	peer-reviewed version	https://pubmed.ncbi.nlm.nih.gov/pmid32361446
580	2020.04.14.041434	pmid32558308	outbreak:Correction	peer-reviewed version	https://pubmed.ncbi.nlm.nih.gov/pmid32558308
581	2020.03.26.20042044	pmid32320064	outbreak:Correction	peer-reviewed version	https://pubmed.ncbi.nlm.nih.gov/pmid32320064
582	2020.02.21.20026328	pmid32247326	outbreak:Correction	peer-reviewed version	https://pubmed.ncbi.nlm.nih.gov/pmid32247326
583	2020.05.06.20092999	pmid32640463	outbreak:Correction	peer-reviewed version	https://pubmed.ncbi.nlm.nih.gov/pmid32640463
584	2020.04.16.20067975	pmid32449782	outbreak:Correction	peer-reviewed version	https://pubmed.ncbi.nlm.nih.gov/pmid32449782
585	2020.03.04.20031112	pmid32291278	outbreak:Correction	peer-reviewed version	https://pubmed.ncbi.nlm.nih.gov/pmid32291278
586	2020.04.17.20069435	pmid32545378	outbreak:Correction	peer-reviewed version	https://pubmed.ncbi.nlm.nih.gov/pmid32545378
587	2020.05.31.20114991	pmid32558485	outbreak:Correction	peer-reviewed version	https://pubmed.ncbi.nlm.nih.gov/pmid32558485
588	2020.01.31.20019265	pmid32046816	outbreak:Correction	peer-reviewed version	https://pubmed.ncbi.nlm.nih.gov/pmid32046816
589	2020.03.26.20042184	pmid32357209	outbreak:Correction	peer-reviewed version	https://pubmed.ncbi.nlm.nih.gov/pmid32357209
590	2020.03.23.20041913	pmid32437576	outbreak:Correction	peer-reviewed version	https://pubmed.ncbi.nlm.nih.gov/pmid32437576
591	2020.04.02.20050898	pmid32642878	outbreak:Correction	peer-reviewed version	https://pubmed.ncbi.nlm.nih.gov/pmid32642878
592	2020.04.29.20084327	pmid32591762	outbreak:Correction	peer-reviewed version	https://pubmed.ncbi.nlm.nih.gov/pmid32591762
593	2020.02.19.20025163	pmid32168464	outbreak:Correction	peer-reviewed version	https://pubmed.ncbi.nlm.nih.gov/pmid32168464
594	2020.04.15.20067256	pmid32607504	outbreak:Correction	peer-reviewed version	https://pubmed.ncbi.nlm.nih.gov/pmid32607504
595	2020.05.29.20116749	pmid32498655	outbreak:Correction	peer-reviewed version	https://pubmed.ncbi.nlm.nih.gov/pmid32498655
596	2020.04.12.20062943	pmid32444358	outbreak:Correction	peer-reviewed version	https://pubmed.ncbi.nlm.nih.gov/pmid32444358
597	2020.04.28.20082750	pmid32487283	outbreak:Correction	peer-reviewed version	https://pubmed.ncbi.nlm.nih.gov/pmid32487283
598	2020.03.09.20033514	pmid32446187	outbreak:Correction	peer-reviewed version	https://pubmed.ncbi.nlm.nih.gov/pmid32446187
599	2020.05.12.20094524	pmid32524515	outbreak:Correction	peer-reviewed version	https://pubmed.ncbi.nlm.nih.gov/pmid32524515
600	2020.04.27.20082289	pmid32641730	outbreak:Correction	peer-reviewed version	https://pubmed.ncbi.nlm.nih.gov/pmid32641730
601	2020.01.19.911669	pmid32111262	outbreak:Correction	peer-reviewed version	https://pubmed.ncbi.nlm.nih.gov/pmid32111262
602	2020.05.12.091298	pmid32561270	outbreak:Correction	peer-reviewed version	https://pubmed.ncbi.nlm.nih.gov/pmid32561270
603	2020.02.19.20025452	pmid32191173	outbreak:Correction	peer-reviewed version	https://pubmed.ncbi.nlm.nih.gov/pmid32191173
604	2020.05.10.20097394	pmid32493739	outbreak:Correction	peer-reviewed version	https://pubmed.ncbi.nlm.nih.gov/pmid32493739
605	2020.04.09.20060129	pmid32397762	outbreak:Correction	peer-reviewed version	https://pubmed.ncbi.nlm.nih.gov/pmid32397762
606	2020.05.07.20090621	pmid32533556	outbreak:Correction	peer-reviewed version	https://pubmed.ncbi.nlm.nih.gov/pmid32533556
607	2020.05.04.20090803	pmid32486140	outbreak:Correction	peer-reviewed version	https://pubmed.ncbi.nlm.nih.gov/pmid32486140
608	2020.05.02.20088898	pmid32534626	outbreak:Correction	peer-reviewed version	https://pubmed.ncbi.nlm.nih.gov/pmid32534626
609	2020.04.15.20067157	pmid32442528	outbreak:Correction	peer-reviewed version	https://pubmed.ncbi.nlm.nih.gov/pmid32442528
610	2020.03.30.015990	pmid32413276	outbreak:Correction	peer-reviewed version	https://pubmed.ncbi.nlm.nih.gov/pmid32413276
611	2020.04.06.20050575	pmid32473124	outbreak:Correction	peer-reviewed version	https://pubmed.ncbi.nlm.nih.gov/pmid32473124
612	2020.04.22.20075762	pmid32516108	outbreak:Correction	peer-reviewed version	https://pubmed.ncbi.nlm.nih.gov/pmid32516108
613	2020.04.24.20078303	pmid32639233	outbreak:Correction	peer-reviewed version	https://pubmed.ncbi.nlm.nih.gov/pmid32639233
614	2020.03.02.20029975	pmid32360286	outbreak:Correction	peer-reviewed version	https://pubmed.ncbi.nlm.nih.gov/pmid32360286
615	2020.03.18.20034561	pmid32356867	outbreak:Correction	peer-reviewed version	https://pubmed.ncbi.nlm.nih.gov/pmid32356867
616	2020.03.26.009803	pmid32167173	outbreak:Correction	peer-reviewed version	https://pubmed.ncbi.nlm.nih.gov/pmid32167173
617	2020.04.18.20064774	pmid32553130	outbreak:Correction	peer-reviewed version	https://pubmed.ncbi.nlm.nih.gov/pmid32553130
618	2020.02.04.20020495	pmid32207679	outbreak:Correction	peer-reviewed version	https://pubmed.ncbi.nlm.nih.gov/pmid32207679
619	2020.04.11.20056010	pmid32562601	outbreak:Correction	peer-reviewed version	https://pubmed.ncbi.nlm.nih.gov/pmid32562601
620	2020.05.15.20095927	pmid32556260	outbreak:Correction	peer-reviewed version	https://pubmed.ncbi.nlm.nih.gov/pmid32556260
621	2020.06.29.20131367	pmid32485473	outbreak:Correction	peer-reviewed version	https://pubmed.ncbi.nlm.nih.gov/pmid32485473
622	2020.04.04.20053363	pmid32582748	outbreak:Correction	peer-reviewed version	https://pubmed.ncbi.nlm.nih.gov/pmid32582748
623	2020.03.17.20037903	pmid32650037	outbreak:Correction	peer-reviewed version	https://pubmed.ncbi.nlm.nih.gov/pmid32650037
624	2020.05.05.078501	pmid32444354	outbreak:Correction	peer-reviewed version	https://pubmed.ncbi.nlm.nih.gov/pmid32444354
625	2020.03.13.20035238	pmid32395017	outbreak:Correction	peer-reviewed version	https://pubmed.ncbi.nlm.nih.gov/pmid32395017
626	2020.03.27.20044891	pmid32343222	outbreak:Correction	peer-reviewed version	https://pubmed.ncbi.nlm.nih.gov/pmid32343222
627	2020.02.20.20025866	pmid32183930	outbreak:Correction	peer-reviewed version	https://pubmed.ncbi.nlm.nih.gov/pmid32183930
628	2020.03.22.20040287	pmid32405103	outbreak:Correction	peer-reviewed version	https://pubmed.ncbi.nlm.nih.gov/pmid32405103
629	2020.03.05.20030502	pmid32235945	outbreak:Correction	peer-reviewed version	https://pubmed.ncbi.nlm.nih.gov/pmid32235945
630	2020.02.27.20027557	pmid32318327	outbreak:Correction	peer-reviewed version	https://pubmed.ncbi.nlm.nih.gov/pmid32318327
631	2020.04.14.20053587	pmid32639236	outbreak:Correction	peer-reviewed version	https://pubmed.ncbi.nlm.nih.gov/pmid32639236
632	2020.02.27.20028530	pmid32525548	outbreak:Correction	peer-reviewed version	https://pubmed.ncbi.nlm.nih.gov/pmid32525548
633	2020.05.06.20093336	pmid32576668	outbreak:Correction	peer-reviewed version	https://pubmed.ncbi.nlm.nih.gov/pmid32576668
634	2020.04.26.20080663	pmid32629788	outbreak:Correction	peer-reviewed version	https://pubmed.ncbi.nlm.nih.gov/pmid32629788
635	2020.04.23.20076737	pmid32452888	outbreak:Correction	peer-reviewed version	https://pubmed.ncbi.nlm.nih.gov/pmid32452888
636	2020.03.21.20037267	pmid32621617	outbreak:Correction	peer-reviewed version	https://pubmed.ncbi.nlm.nih.gov/pmid32621617
637	2020.05.14.095661	pmid32408336	outbreak:Correction	peer-reviewed version	https://pubmed.ncbi.nlm.nih.gov/pmid32408336
638	2020.04.05.20053884	pmid32528664	outbreak:Correction	peer-reviewed version	https://pubmed.ncbi.nlm.nih.gov/pmid32528664
639	2020.02.28.20029181	pmid32334082	outbreak:Correction	peer-reviewed version	https://pubmed.ncbi.nlm.nih.gov/pmid32334082
640	2020.05.22.20109934	pmid32291502	outbreak:Correction	peer-reviewed version	https://pubmed.ncbi.nlm.nih.gov/pmid32291502
641	2020.03.17.20037408	pmid32112714	outbreak:Correction	peer-reviewed version	https://pubmed.ncbi.nlm.nih.gov/pmid32112714
642	2020.04.08.20057794	pmid32444366	outbreak:Correction	peer-reviewed version	https://pubmed.ncbi.nlm.nih.gov/pmid32444366
643	2020.02.10.20021832	pmid32297671	outbreak:Correction	peer-reviewed version	https://pubmed.ncbi.nlm.nih.gov/pmid32297671
644	2020.03.29.20046490	pmid32575492	outbreak:Correction	peer-reviewed version	https://pubmed.ncbi.nlm.nih.gov/pmid32575492
645	2020.04.23.20076935	pmid32618665	outbreak:Correction	peer-reviewed version	https://pubmed.ncbi.nlm.nih.gov/pmid32618665
646	2020.04.07.20052142	pmid32592974	outbreak:Correction	peer-reviewed version	https://pubmed.ncbi.nlm.nih.gov/pmid32592974
647	2020.02.27.20028829	pmid32198088	outbreak:Correction	peer-reviewed version	https://pubmed.ncbi.nlm.nih.gov/pmid32198088
648	2020.03.10.986711	pmid32284092	outbreak:Correction	peer-reviewed version	https://pubmed.ncbi.nlm.nih.gov/pmid32284092
649	2020.04.08.033001	pmid32545271	outbreak:Correction	peer-reviewed version	https://pubmed.ncbi.nlm.nih.gov/pmid32545271
650	2020.05.07.20092353	pmid32621869	outbreak:Correction	peer-reviewed version	https://pubmed.ncbi.nlm.nih.gov/pmid32621869
651	2020.03.08.20030643	pmid32320641	outbreak:Correction	peer-reviewed version	https://pubmed.ncbi.nlm.nih.gov/pmid32320641
652	2020.03.17.20037713	pmid32398876	outbreak:Correction	peer-reviewed version	https://pubmed.ncbi.nlm.nih.gov/pmid32398876
653	2020.05.19.20107094	pmid32622400	outbreak:Correction	peer-reviewed version	https://pubmed.ncbi.nlm.nih.gov/pmid32622400
654	2020.03.03.20030593	pmid32275295	outbreak:Correction	peer-reviewed version	https://pubmed.ncbi.nlm.nih.gov/pmid32275295
655	2020.05.03.20072207	pmid32560044	outbreak:Correction	peer-reviewed version	https://pubmed.ncbi.nlm.nih.gov/pmid32560044
656	2020.03.15.20036376	pmid32626666	outbreak:Correction	peer-reviewed version	https://pubmed.ncbi.nlm.nih.gov/pmid32626666
657	2020.03.02.20030064	pmid32238216	outbreak:Correction	peer-reviewed version	https://pubmed.ncbi.nlm.nih.gov/pmid32238216
658	2020.05.26.115261	pmid32611670	outbreak:Correction	peer-reviewed version	https://pubmed.ncbi.nlm.nih.gov/pmid32611670
659	2020.04.11.036855	pmid32521706	outbreak:Correction	peer-reviewed version	https://pubmed.ncbi.nlm.nih.gov/pmid32521706
660	2020.04.09.20060137	pmid32304942	outbreak:Correction	peer-reviewed version	https://pubmed.ncbi.nlm.nih.gov/pmid32304942
661	2020.03.11.20034215	pmid32339723	outbreak:Correction	peer-reviewed version	https://pubmed.ncbi.nlm.nih.gov/pmid32339723
662	2020.02.26.20026989	pmid32601708	outbreak:Correction	peer-reviewed version	https://pubmed.ncbi.nlm.nih.gov/pmid32601708
663	2020.05.09.20082909	pmid32558644	outbreak:Correction	peer-reviewed version	https://pubmed.ncbi.nlm.nih.gov/pmid32558644
664	2020.02.03.20020248	pmid32033064	outbreak:Correction	peer-reviewed version	https://pubmed.ncbi.nlm.nih.gov/pmid32033064
665	2020.04.10.20060699	pmid32409486	outbreak:Correction	peer-reviewed version	https://pubmed.ncbi.nlm.nih.gov/pmid32409486
666	2020.03.29.014290	pmid32543353	outbreak:Correction	peer-reviewed version	https://pubmed.ncbi.nlm.nih.gov/pmid32543353
667	2020.03.30.20043919	pmid32324118	outbreak:Correction	peer-reviewed version	https://pubmed.ncbi.nlm.nih.gov/pmid32324118
668	2020.04.15.20065995	pmid32526492	outbreak:Correction	peer-reviewed version	https://pubmed.ncbi.nlm.nih.gov/pmid32526492
669	2020.02.23.20026690	pmid32398875	outbreak:Correction	peer-reviewed version	https://pubmed.ncbi.nlm.nih.gov/pmid32398875
670	2020.07.15.20151852	pmid32678530	outbreak:Correction	peer-reviewed version	https://pubmed.ncbi.nlm.nih.gov/pmid32678530
